<?xml version='1.0' encoding='UTF-8'?>
<root>
 <tabbed_widget name="Main Window" parent="main_window">
  <plotmatrix tab_name="plot" rows="2" columns="3">
   <plot col="0" row="0">
    <range right="1426.796693" top="10.411652" bottom="-16.713680" left="1396.796813"/>
    <limitY/>
    <curve R="0" B="255" name="/wireless_ft/wrench_2/wrench/force/x" G="0"/>
    <curve R="0" B="0" name="/wireless_ft/wrench_2/wrench/force/y" G="128"/>
    <curve R="255" B="0" name="/wireless_ft/wrench_2/wrench/force/z" G="0"/>
    <transform value="noTransform"/>
   </plot>
   <plot col="0" row="1">
    <range right="1426.796693" top="0.132377" bottom="-0.231523" left="1396.796813"/>
    <limitY/>
    <curve R="255" B="255" name="/wireless_ft/wrench_2/wrench/torque/x" G="0"/>
    <curve R="0" B="128" name="/wireless_ft/wrench_2/wrench/torque/y" G="0"/>
    <curve R="0" B="128" name="/wireless_ft/wrench_2/wrench/torque/z" G="128"/>
    <transform value="noTransform"/>
   </plot>
   <plot col="1" row="0">
    <range right="1426.796718" top="0.066997" bottom="-0.054963" left="1396.796831"/>
    <limitY/>
    <curve R="160" B="164" name="/wireless_ft/wrench_4/wrench/force/x" G="160"/>
    <curve R="128" B="0" name="/wireless_ft/wrench_4/wrench/force/y" G="128"/>
    <curve R="128" B="0" name="/wireless_ft/wrench_4/wrench/force/z" G="0"/>
    <transform value="noTransform"/>
   </plot>
   <plot col="1" row="1">
    <range right="1426.796718" top="0.000280" bottom="-0.000269" left="1396.796831"/>
    <limitY/>
    <curve R="0" B="255" name="/wireless_ft/wrench_4/wrench/torque/x" G="0"/>
    <curve R="0" B="0" name="/wireless_ft/wrench_4/wrench/torque/y" G="128"/>
    <curve R="255" B="0" name="/wireless_ft/wrench_4/wrench/torque/z" G="0"/>
    <transform value="noTransform"/>
   </plot>
   <plot col="2" row="0">
    <range right="1426.796731" top="0.087269" bottom="-0.074168" left="1396.796841"/>
    <limitY/>
    <curve R="255" B="255" name="/wireless_ft/wrench_5/wrench/force/x" G="0"/>
    <curve R="0" B="128" name="/wireless_ft/wrench_5/wrench/force/y" G="0"/>
    <curve R="0" B="128" name="/wireless_ft/wrench_5/wrench/force/z" G="128"/>
    <transform value="noTransform"/>
   </plot>
   <plot col="2" row="1">
    <range right="1426.796731" top="0.000378" bottom="-0.000482" left="1396.796841"/>
    <limitY/>
    <curve R="160" B="164" name="/wireless_ft/wrench_5/wrench/torque/x" G="160"/>
    <curve R="128" B="0" name="/wireless_ft/wrench_5/wrench/torque/y" G="128"/>
    <curve R="128" B="0" name="/wireless_ft/wrench_5/wrench/torque/z" G="0"/>
    <transform value="noTransform"/>
   </plot>
  </plotmatrix>
  <currentPlotMatrix index="0"/>
 </tabbed_widget>
 <tabbed_widget name="Main Window" parent="main_window">
  <plotmatrix tab_name="plot" rows="2" columns="3">
   <plot col="0" row="0">
    <range right="1426.796693" top="10.411652" bottom="-16.713680" left="1396.796813"/>
    <limitY/>
    <curve R="0" B="255" name="/wireless_ft/wrench_2/wrench/force/x" G="0"/>
    <curve R="0" B="0" name="/wireless_ft/wrench_2/wrench/force/y" G="128"/>
    <curve R="255" B="0" name="/wireless_ft/wrench_2/wrench/force/z" G="0"/>
    <transform value="noTransform"/>
   </plot>
   <plot col="0" row="1">
    <range right="1426.796693" top="0.132377" bottom="-0.231523" left="1396.796813"/>
    <limitY/>
    <curve R="255" B="255" name="/wireless_ft/wrench_2/wrench/torque/x" G="0"/>
    <curve R="0" B="128" name="/wireless_ft/wrench_2/wrench/torque/y" G="0"/>
    <curve R="0" B="128" name="/wireless_ft/wrench_2/wrench/torque/z" G="128"/>
    <transform value="noTransform"/>
   </plot>
   <plot col="1" row="0">
    <range right="1426.796718" top="0.066997" bottom="-0.054963" left="1396.796831"/>
    <limitY/>
    <curve R="160" B="164" name="/wireless_ft/wrench_4/wrench/force/x" G="160"/>
    <curve R="128" B="0" name="/wireless_ft/wrench_4/wrench/force/y" G="128"/>
    <curve R="128" B="0" name="/wireless_ft/wrench_4/wrench/force/z" G="0"/>
    <transform value="noTransform"/>
   </plot>
   <plot col="1" row="1">
    <range right="1426.796718" top="0.000280" bottom="-0.000269" left="1396.796831"/>
    <limitY/>
    <curve R="0" B="255" name="/wireless_ft/wrench_4/wrench/torque/x" G="0"/>
    <curve R="0" B="0" name="/wireless_ft/wrench_4/wrench/torque/y" G="128"/>
    <curve R="255" B="0" name="/wireless_ft/wrench_4/wrench/torque/z" G="0"/>
    <transform value="noTransform"/>
   </plot>
   <plot col="2" row="0">
    <range right="1426.796731" top="0.087269" bottom="-0.074168" left="1396.796841"/>
    <limitY/>
    <curve R="255" B="255" name="/wireless_ft/wrench_5/wrench/force/x" G="0"/>
    <curve R="0" B="128" name="/wireless_ft/wrench_5/wrench/force/y" G="0"/>
    <curve R="0" B="128" name="/wireless_ft/wrench_5/wrench/force/z" G="128"/>
    <transform value="noTransform"/>
   </plot>
   <plot col="2" row="1">
    <range right="1426.796731" top="0.000378" bottom="-0.000482" left="1396.796841"/>
    <limitY/>
    <curve R="160" B="164" name="/wireless_ft/wrench_5/wrench/torque/x" G="160"/>
    <curve R="128" B="0" name="/wireless_ft/wrench_5/wrench/torque/y" G="128"/>
    <curve R="128" B="0" name="/wireless_ft/wrench_5/wrench/torque/z" G="0"/>
    <transform value="noTransform"/>
   </plot>
  </plotmatrix>
  <currentPlotMatrix index="0"/>
 </tabbed_widget>
 <use_relative_time_offset enabled="1"/>
 <Plugins>
  <DataLoad_CSV>
   <default time_axis=""/>
  </DataLoad_CSV>
  <DataLoad_ROS_bags>
   <selected_topics list=""/>
  </DataLoad_ROS_bags>
  <ROS_Topic_Streamer>
   <selected_topics list="/wireless_ft/wrench_2;/wireless_ft/wrench_4;/wireless_ft/wrench_5"/>
  </ROS_Topic_Streamer>
  <RosoutPublisherROS/>
  <TopicPublisherROS/>
 </Plugins>
 <previouslyLoadedStreamer name="ROS Topic Streamer"/>
</root>

