Timestamp,FSR 1,FSR 2,FSR 3,FSR 4,FSR 5,FSR 6,FSR 7,FSR 8,FSR 9,FSR 10,FSR 11,FSR 12
1743705465750053,6,4,0,0,0,4,2,1,3,1,5,3
1743705465752097,5,1,2,0,3,1,13,3,4,2,2,0
1743705465754145,5,1,4,2,4,3,0,0,0,4,2,7
1743705465755106,6,8,4,1,0,3,3,10,21,0,5,2
1743705465757053,4,3,9,0,0,2,3,5,4,1,3,0
1743705465759204,12,0,4,4,4,2,3,0,6,5,0,2
1743705465761246,11,4,2,1,1,0,4,0,3,2,8,1
1743705465763090,6,2,0,2,2,0,1,4,3,0,1,4
1743705465764095,7,2,2,3,3,0,0,5,0,0,2,0
1743705465766083,7,2,1,0,2,2,2,1,0,0,3,2
1743705465767083,2,2,0,5,3,3,2,2,0,4,0,4
1743705465769098,5,3,0,6,4,2,1,1,0,3,1,2
1743705465770088,6,2,0,5,4,3,0,1,3,0,4,0
1743705465772086,2,0,3,3,3,4,3,4,0,2,3,0
1743705465773141,6,0,7,4,2,4,5,2,0,2,5,3
1743705465775088,6,0,2,3,4,4,1,2,0,4,3,5
1743705465776879,4,0,1,0,6,3,0,3,4,4,0,4
1743705465778702,1,3,3,1,4,3,4,3,0,5,3,4
1743705465780757,6,2,2,4,0,3,3,0,1,2,0,5
1743705465781754,6,3,8,2,0,3,3,4,1,2,3,4
1743705465783755,6,3,0,2,3,0,0,0,2,2,0,5
1743705465784753,10,4,14,4,1,17,3,5,4,3,1,3
1743705465786756,1,4,2,1,3,4,0,3,3,0,4,7
1743705465787755,0,4,3,4,3,14,3,5,0,3,4,3
1743705465789754,4,2,7,2,0,3,16,0,4,0,2,4
1743705465790754,4,3,1,1,0,4,3,3,4,5,3,1
1743705465794658,7,2,0,0,5,2,1,3,0,3,9,0
1743705465796655,3,2,4,3,3,2,2,3,2,0,3,4
1743705465797658,7,3,3,2,3,3,0,3,7,1,0,0
1743705465799703,5,0,0,3,1,0,0,5,1,0,2,4
1743705465800662,5,0,0,3,2,1,5,0,3,5,0,2
1743705465802651,5,0,5,3,0,2,0,3,0,3,4,2
1743705465803654,1,3,0,3,15,0,0,3,3,0,0,2
1743705465805653,4,4,0,2,3,4,5,3,3,0,2,0
1743705465806651,5,3,2,0,0,0,1,4,1,4,0,0
1743705465808520,4,5,2,7,1,2,1,6,4,0,3,2
1743705465810377,5,0,3,1,3,0,1,4,3,3,5,3
1743705465812000,3,0,0,4,3,2,6,3,0,0,4,4
1743705465813991,1,1,3,2,3,0,5,4,5,5,4,1
1743705465814998,2,1,12,3,2,17,4,4,2,0,3,0
1743705465816995,7,3,0,0,7,0,2,0,1,2,0,2
1743705465817995,3,1,5,3,6,2,2,3,3,2,3,1
1743705465819987,6,4,1,0,0,0,1,4,3,2,0,2
1743705465821989,3,0,5,3,0,5,5,2,3,4,4,2
1743705465823590,5,0,3,2,2,5,3,3,5,0,3,0
1743705465826207,7,3,3,3,2,13,3,3,1,3,3,4
1743705465827009,3,4,3,2,2,0,4,2,3,2,2,4
1743705465829378,6,0,4,4,5,3,4,5,5,3,1,2
1743705465830384,5,0,5,1,3,11,3,2,0,5,4,0
1743705465832375,2,2,0,4,1,3,1,1,4,0,3,1
1743705465833374,4,3,3,4,3,4,1,0,0,0,6,3
1743705465835372,4,0,0,4,3,0,4,0,0,2,0,1
1743705465836380,7,5,5,4,0,1,1,3,5,0,0,3
1743705465838374,6,4,1,4,2,1,1,2,4,4,3,2
1743705465840191,4,2,10,0,0,0,4,2,1,0,4,0
1743705465844032,5,0,3,4,0,4,3,3,2,3,3,3
1743705465845065,4,0,4,3,3,3,2,0,0,3,3,4
1743705465847525,5,1,3,1,0,0,3,0,4,0,3,3
1743705465849534,5,0,2,0,7,3,4,4,3,4,1,2
1743705465851574,3,0,1,3,4,0,3,1,3,2,0,3
1743705465853812,6,4,4,3,3,0,1,2,4,8,0,0
1743705465855310,1,3,3,3,0,2,0,3,1,1,2,4
1743705465920281,4,5,3,4,3,3,0,1,3,5,2,0
1743705465921780,8,3,0,0,0,0,2,2,0,4,3,4
1743705465922823,5,2,2,1,2,0,4,2,1,1,6,3
1743705465923379,6,4,5,4,0,0,3,4,4,2,2,0
1743705465924399,5,5,4,1,0,0,5,2,0,1,0,5
1743705465925569,6,1,0,2,0,3,2,2,1,2,0,5
1743705465926764,9,4,4,3,3,3,2,1,3,3,14,3
1743705465927268,8,3,0,0,4,4,0,1,2,2,0,5
1743705465928284,3,0,2,0,0,2,3,0,1,2,2,3
1743705465929287,4,8,5,0,0,3,0,19,0,0,6,1
1743705465933225,4,2,0,3,3,0,4,21,0,1,0,4
1743705465936811,2,6,4,3,7,6,0,0,4,3,6,3
1743705465938391,6,2,1,4,3,1,3,2,0,3,0,2
1743705465938888,4,3,3,2,4,0,1,2,4,4,2,3
1743705465939903,5,0,3,2,0,2,1,4,0,0,4,4
1743705465940904,5,1,0,0,3,2,0,0,2,4,4,3
1743705465942198,1,0,4,2,18,0,3,0,3,3,1,1
1743705465943476,5,5,5,2,2,0,3,3,2,2,0,3
1743705465944076,3,3,2,2,2,3,2,0,0,5,3,4
1743705465945243,8,4,3,1,4,2,0,2,3,2,2,4
1743705465946279,5,6,0,0,0,2,3,3,3,0,3,4
1743705465947245,2,3,5,1,0,2,5,3,0,0,3,4
1743705465947245,6,4,4,4,0,2,2,3,1,1,4,2
1743705465948303,6,3,3,3,4,10,0,0,0,4,1,1
1743705465949361,1,0,0,1,7,6,0,5,4,4,3,3
1743705465950242,4,0,0,5,6,0,2,2,0,4,2,2
1743705465951246,2,3,4,3,2,0,0,4,4,3,1,0
1743705465952245,12,3,2,1,2,2,2,1,0,3,2,3
1743705465953244,7,2,3,0,5,3,0,4,2,0,3,0
1743705465954244,6,4,2,4,3,4,4,5,3,1,4,0
1743705465955244,5,3,4,2,0,4,3,1,0,1,4,2
1743705465956244,6,2,0,0,0,0,2,6,3,0,3,0
1743705465957285,6,2,2,3,1,0,3,4,7,3,1,3
1743705465958245,5,0,4,11,5,3,3,3,0,3,0,0
1743705465959246,5,1,4,1,2,4,1,0,1,3,0,3
1743705465960198,6,2,0,3,3,2,0,4,2,2,2,1
1743705465961216,5,2,2,8,13,12,2,2,2,3,2,3
1743705465962210,8,5,4,0,4,0,4,1,2,3,0,4
1743705465962210,5,3,2,0,4,2,2,4,3,2,3,5
1743705465963827,6,2,2,0,5,1,10,3,5,2,5,2
1743705465964329,8,5,3,3,2,2,0,13,0,5,4,3
1743705465965632,2,4,3,1,4,1,3,4,1,2,0,0
1743705465966731,4,3,3,0,4,1,1,1,2,2,3,0
1743705465968366,3,2,1,16,0,4,0,1,1,4,2,0
1743705465968868,5,0,3,2,2,2,3,0,0,3,4,4
1743705465969894,7,3,4,0,0,3,4,0,6,0,5,2
1743705465970913,4,1,3,4,3,2,2,3,4,2,2,3
1743705465971889,3,3,0,1,0,3,0,4,3,3,2,0
1743705465972893,5,4,3,1,7,5,3,1,0,1,0,2
1743705465973890,5,5,2,4,3,1,4,2,0,0,0,4
1743705465975221,5,3,4,2,4,0,0,4,0,3,4,7
1743705465975221,10,2,3,1,0,0,2,0,2,4,2,1
1743705465977644,8,4,2,1,0,1,0,4,3,0,5,0
1743705465978756,0,1,1,0,2,3,0,2,2,2,1,3
1743705465980046,6,1,0,6,3,2,3,0,4,3,0,2
1743705465981046,15,6,0,3,5,4,0,3,1,3,3,1
1743705465982047,6,3,3,2,3,3,2,3,7,2,2,0
1743705465983049,6,0,0,3,3,3,1,3,3,2,0,2
1743705465984048,6,2,2,3,3,7,0,6,3,3,4,0
1743705465986048,3,4,0,0,4,2,3,3,0,3,3,2
1743705465987044,1,2,4,0,0,5,1,7,3,1,3,3
1743705465988047,0,2,0,2,4,2,3,4,3,0,3,2
1743705465989043,9,3,4,1,0,0,4,2,3,1,3,3
1743705465990043,5,2,3,4,1,0,4,8,1,1,3,1
1743705465990043,6,2,2,4,3,8,0,0,1,2,3,4
1743705465991043,2,4,3,9,21,2,0,3,4,7,2,0
1743705465992465,8,4,4,3,4,2,0,1,1,11,3,3
1743705465993649,5,4,3,1,0,3,3,2,2,3,4,0
1743705465994667,1,2,4,3,0,20,0,2,4,2,2,2
1743705465995326,5,0,3,1,0,3,5,2,3,0,4,2
1743705465995826,1,0,1,1,1,2,2,2,13,0,1,3
1743705465996856,8,1,3,0,2,0,2,0,4,2,0,0
1743705465996856,4,4,3,3,4,2,1,0,3,3,0,2
1743705465998482,7,4,0,4,4,6,0,4,3,3,2,1
1743705465999070,1,0,14,2,5,2,2,0,0,2,5,2
1743705465999569,2,1,3,3,4,4,3,3,3,3,1,2
1743705466000613,6,2,3,0,0,2,0,5,3,3,0,1
1743705466001603,6,2,1,3,2,1,2,2,0,4,5,4
1743705466003183,5,3,18,4,3,4,0,0,4,0,5,2
1743705466003738,6,3,0,3,2,1,5,2,1,4,3,2
1743705466004735,1,1,13,11,5,19,3,4,3,18,5,0
1743705466005233,5,3,1,0,1,0,3,0,3,2,0,2
1743705466006242,4,3,1,4,3,0,2,0,3,0,0,0
1743705466007243,3,2,0,4,8,0,4,3,4,4,2,0
1743705466007243,6,4,4,3,3,3,16,2,2,0,0,2
1743705466008981,7,4,4,4,2,3,0,1,2,4,3,4
1743705466009707,8,3,0,5,2,3,0,3,4,1,0,1
1743705466010727,3,5,2,0,1,5,5,3,3,1,4,0
1743705466011727,6,0,3,3,1,4,2,3,0,5,3,4
1743705466012739,7,3,3,0,3,0,4,0,0,3,3,3
1743705466013608,1,3,0,3,2,2,7,2,3,5,3,0
1743705466014527,2,3,3,1,4,0,2,3,4,3,0,2
1743705466015526,6,3,5,3,7,3,0,20,3,3,4,0
1743705466016397,7,3,3,1,4,3,4,0,3,1,0,0
1743705466016729,5,3,4,4,16,3,2,4,2,4,0,2
1743705466017923,6,3,3,5,2,0,4,3,4,0,1,4
1743705466019460,0,4,3,0,5,20,4,3,0,1,0,3
1743705466020684,5,3,3,5,8,3,2,2,1,4,0,4
1743705466022180,6,0,2,1,0,3,0,2,0,0,3,0
1743705466023286,5,3,4,3,2,2,3,0,4,1,5,0
1743705466025317,6,3,1,0,0,0,15,2,1,1,4,2
1743705466026817,7,8,0,3,3,3,0,0,1,3,3,0
1743705466028317,2,4,3,5,1,3,1,3,3,10,1,0
1743705466029861,2,2,3,4,3,0,5,2,4,2,2,2
1743705466029861,4,0,3,0,3,1,3,0,0,4,4,1
1743705466032194,4,3,4,0,5,0,4,3,3,1,3,2
1743705466033250,6,0,3,3,3,2,2,4,1,0,1,6
1743705466033846,7,3,4,3,1,3,5,3,2,0,1,0
1743705466035165,3,2,1,6,5,7,1,15,3,0,1,2
1743705466036366,6,5,4,2,2,2,3,3,1,3,3,0
1743705466037363,6,4,3,0,4,0,4,0,3,3,0,1
1743705466038360,6,0,4,3,0,0,0,0,4,2,1,2
1743705466039360,0,1,3,5,0,5,2,0,3,3,4,1
1743705466040364,11,0,3,0,2,3,4,3,3,5,0,4
1743705466042363,6,0,4,0,4,6,5,3,4,3,4,3
1743705466043507,5,2,1,0,4,1,0,2,2,1,0,2
1743705466045030,5,2,6,5,1,3,0,4,3,1,4,0
1743705466046031,6,2,2,3,4,0,4,2,3,4,3,0
1743705466051030,7,2,2,3,2,4,3,5,3,5,4,0
1743705466063357,4,1,0,5,4,3,2,1,2,3,0,3
1743705466075354,5,6,4,4,3,2,2,5,4,4,3,21
1743705466087355,7,0,4,2,4,0,6,0,3,3,2,0
1743705466102340,7,3,4,2,4,3,3,4,3,4,5,3
1743705466114179,6,0,0,0,4,3,1,3,0,2,1,3
1743705466127176,2,3,2,0,2,2,3,0,0,5,2,0
1743705466139771,7,1,9,4,0,2,0,3,2,0,3,3
1743705466152040,5,3,3,2,14,4,2,0,2,1,3,4
1743705466163801,1,5,4,3,4,0,2,0,4,3,0,3
1743705466175806,7,4,0,5,3,1,7,1,0,1,0,4
1743705466189141,5,2,0,6,6,3,2,0,4,0,0,2
1743705466202322,7,2,2,0,3,0,3,4,4,1,3,1
1743705466215319,7,3,1,0,3,3,0,2,2,0,5,0
1743705466226569,1,2,7,2,4,2,0,2,1,4,2,0
1743705466241819,6,4,1,3,4,4,0,1,3,0,3,5
1743705466254068,6,9,4,0,3,0,0,3,3,16,0,4
1743705466266048,14,2,0,4,0,0,2,0,2,6,0,4
1743705466278227,5,12,4,2,3,2,0,4,4,0,4,2
1743705466289850,6,3,1,4,2,0,2,4,4,0,3,3
1743705466302466,1,5,2,0,0,3,4,5,4,0,3,21
1743705466313963,6,0,3,2,0,3,0,0,2,0,7,0
1743705466326273,3,3,3,5,3,0,0,0,0,4,3,2
1743705466339272,2,0,3,9,4,1,0,4,2,5,4,5
1743705466354268,4,0,1,0,0,4,3,2,2,3,4,12
1743705466366976,2,4,2,0,1,4,1,2,21,4,2,0
1743705466378925,5,3,3,3,0,3,0,4,1,2,0,0
1743705466391929,1,5,2,3,0,3,3,2,0,2,3,0
1743705466405079,2,0,4,1,16,3,1,3,0,2,2,0
1743705466418649,3,0,3,3,0,4,3,4,2,3,0,4
1743705466431766,5,2,3,3,0,2,1,4,3,0,1,4
1743705466443528,3,3,3,4,0,3,5,4,2,0,2,3
1743705466455908,5,2,0,4,3,1,0,3,0,3,0,3
1743705466467378,7,11,0,2,1,2,3,2,4,4,0,3
1743705466479607,13,2,15,0,4,2,3,8,0,0,3,2
1743705466491755,3,4,3,3,4,2,3,3,5,2,19,0
1743705466505183,5,3,0,2,0,3,2,3,5,5,4,3
1743705466518212,6,4,4,4,4,1,0,5,3,4,3,0
1743705466530653,6,0,5,0,0,5,3,3,4,2,3,1
1743705466543027,4,3,0,4,3,3,0,3,3,0,3,1
1743705466556481,4,14,3,2,6,0,4,3,2,4,4,4
1743705466568754,4,4,0,2,4,2,0,6,3,3,1,0
1743705466580437,3,4,4,2,3,0,3,4,0,0,3,2
1743705466593274,4,3,4,0,0,5,2,2,3,10,0,0
1743705466605018,1,3,9,4,3,6,3,1,3,3,2,3
1743705466618621,4,0,4,4,4,3,4,3,0,2,5,1
1743705466630946,3,5,0,2,2,3,3,1,1,2,6,4
1743705466643342,4,0,3,1,3,2,12,0,4,4,2,5
1743705466656057,3,4,4,4,4,0,4,2,1,0,4,1
1743705466669255,4,0,1,3,4,2,4,3,3,3,2,4
1743705466681256,7,3,3,3,3,2,3,0,4,2,3,1
1743705466693821,4,3,0,4,4,1,3,1,0,3,10,0
1743705466705617,6,4,0,0,3,2,4,3,0,4,1,0
1743705466716766,5,3,4,0,4,4,4,1,0,0,4,3
1743705466729948,6,4,0,3,2,3,2,0,4,1,1,0
1743705466742265,7,2,2,4,0,3,1,13,0,4,2,5
1743705466755310,2,4,9,2,0,0,4,0,2,0,2,2
1743705466768307,6,3,3,1,0,0,0,3,2,0,0,4
1743705466781257,5,4,2,2,2,4,4,4,3,2,3,0
1743705466793363,2,7,0,4,2,2,3,2,4,4,2,13
1743705466805797,5,2,3,2,2,5,4,2,3,0,0,5
1743705466819798,3,5,1,3,3,3,0,3,3,4,3,0
1743705466831794,3,3,4,3,3,3,15,0,2,1,2,0
1743705466843418,5,2,0,0,3,3,15,0,0,5,2,0
1743705466856426,3,3,1,3,0,0,4,4,3,2,4,4
1743705466869448,6,1,4,5,3,4,1,4,3,1,4,5
1743705466881743,5,4,2,4,13,1,3,4,0,0,1,3
1743705466893442,4,12,1,1,0,3,0,5,2,5,1,1
1743705466905360,5,1,5,3,18,0,3,1,3,3,0,3
1743705466917467,3,0,4,0,2,0,0,2,0,5,1,2
1743705466929984,4,4,4,3,2,5,3,3,0,2,5,2
1743705466941725,5,8,3,4,4,2,3,0,2,0,0,4
1743705466953229,1,0,3,3,3,0,0,1,3,4,4,0
1743705466965339,6,1,3,0,1,3,0,1,2,0,5,3
1743705466977636,8,4,4,2,12,0,3,3,3,11,4,3
1743705466989408,5,3,0,3,0,2,4,2,0,0,3,0
1743705467001057,4,0,5,3,0,4,0,0,2,2,4,2
1743705467012671,4,4,3,4,4,0,4,0,0,4,4,2
1743705467025320,6,0,2,3,5,3,0,3,1,0,4,4
1743705467036054,7,4,4,3,0,3,2,3,3,0,0,2
1743705467049070,5,0,7,0,0,4,1,0,0,3,2,2
1743705467061512,6,3,0,2,3,1,2,3,0,4,3,3
1743705467073410,13,4,5,3,3,4,4,5,0,4,3,3
1743705467085357,4,0,0,4,3,4,3,4,2,3,1,10
1743705467096163,6,3,7,5,3,0,2,4,6,0,3,4
1743705467108563,3,2,3,3,0,2,4,4,1,3,3,0
1743705467120960,5,1,4,3,2,0,0,4,3,7,3,4
1743705467132823,6,4,3,4,0,0,3,1,3,2,0,4
1743705467144842,5,3,0,3,2,17,2,2,1,4,3,3
1743705467156283,6,4,1,0,4,4,0,0,2,5,2,0
1743705467168606,5,3,3,0,3,3,4,0,0,0,4,3
1743705467180746,4,2,3,2,0,3,3,0,2,0,18,3
1743705467192750,2,0,0,3,2,1,3,3,0,3,6,2
1743705467204955,2,4,3,3,4,0,6,4,1,2,2,3
1743705467216639,5,4,3,3,1,0,3,0,0,4,12,4
1743705467228486,1,1,13,3,3,3,3,4,0,0,0,4
1743705467240490,5,2,2,4,4,0,1,1,3,5,0,2
1743705467252270,4,4,3,2,7,1,0,2,2,3,0,4
1743705467264415,2,0,0,4,4,0,3,0,0,3,3,0
1743705467275861,6,3,3,1,3,4,2,3,3,1,3,1
1743705467288206,8,1,2,0,1,4,0,5,1,0,5,3
1743705467300037,5,16,1,2,3,1,3,1,0,6,4,2
1743705467312512,4,4,17,1,1,4,4,5,4,3,0,0
1743705467324640,6,3,0,2,2,0,1,1,1,2,4,2
1743705467335899,6,4,2,0,5,3,3,0,4,0,2,3
1743705467348619,5,3,3,2,4,3,4,3,0,4,2,10
1743705467360899,7,3,3,4,0,3,9,3,0,3,1,3
1743705467372563,8,5,2,3,4,2,4,5,5,2,3,1
1743705467383849,5,4,3,4,0,0,6,3,3,2,3,11
1743705467396814,5,3,3,2,1,4,2,0,1,0,0,0
1743705467409470,7,1,0,4,2,3,2,4,2,3,1,1
1743705467421097,3,3,4,3,1,4,2,1,5,0,3,3
1743705467432721,9,4,3,4,5,4,1,1,5,2,3,3
1743705467444723,1,0,4,4,2,2,0,3,4,2,2,5
1743705467456851,21,6,3,3,4,6,3,3,2,3,0,16
1743705467468162,2,2,2,4,3,19,4,0,2,1,4,1
1743705467480838,2,3,1,0,0,4,3,1,0,0,4,3
1743705467493667,6,1,4,1,1,4,2,4,21,0,3,0
1743705467505665,3,6,2,3,0,2,3,4,4,3,1,0
1743705467517662,12,1,0,3,4,1,4,2,0,3,0,0
1743705467529844,3,0,3,2,4,4,15,1,2,5,1,4
1743705467542887,7,3,7,5,0,3,3,3,3,2,2,3
1743705467555709,18,3,3,5,4,0,4,3,0,0,2,3
1743705467567705,6,4,3,5,0,4,1,3,3,2,0,0
1743705467580703,1,3,2,4,4,0,4,2,3,2,0,4
1743705467593103,7,0,3,2,0,3,10,3,0,4,3,0
1743705467604737,2,4,3,0,4,5,6,3,0,0,0,1
1743705467617032,5,0,0,0,2,0,4,11,0,5,1,1
1743705467628641,6,4,4,0,3,0,0,4,2,0,0,0
1743705467641397,6,5,1,2,3,0,4,2,0,4,0,4
1743705467656484,7,2,3,0,3,0,4,2,4,3,4,3
1743705467669777,8,2,3,0,2,2,4,2,1,5,5,2
1743705467681578,5,1,4,0,3,5,0,3,0,3,4,19
1743705467693490,1,3,3,4,4,3,3,1,2,3,0,2
1743705467706320,6,3,1,2,4,2,4,5,6,2,0,2
1743705467717241,4,6,0,3,0,2,0,0,0,3,3,2
1743705467729849,4,0,4,3,3,3,2,0,2,3,2,0
1743705467741836,23,0,1,4,2,2,1,2,0,4,2,0
1743705467754052,5,4,3,4,0,1,1,0,4,2,0,3
1743705467766017,4,5,2,4,0,3,1,2,0,3,3,3
1743705467777784,7,0,6,1,20,3,0,4,3,16,3,2
1743705467789500,5,2,5,3,7,2,0,0,3,3,0,4
1743705467801508,4,0,1,0,3,3,0,3,0,3,0,3
1743705467813473,6,1,0,1,0,3,0,4,2,0,2,3
1743705467825505,6,2,2,2,0,4,0,3,2,0,2,3
1743705467837715,5,3,3,8,0,0,5,4,4,4,2,0
1743705467849591,4,0,4,8,3,3,1,4,2,0,4,6
1743705467862089,5,2,0,4,3,2,7,5,5,2,2,3
1743705467873862,5,4,0,4,3,3,4,2,1,2,2,0
1743705467885570,4,0,2,4,3,2,2,3,2,0,0,4
1743705467898383,10,2,0,0,2,3,2,0,0,4,3,3
1743705467909773,8,4,3,3,3,5,5,0,1,3,2,0
1743705467921252,7,0,3,0,1,3,4,2,1,8,0,2
1743705467933250,4,0,4,3,0,4,3,0,6,4,0,2
1743705467945568,5,1,0,2,3,4,2,2,0,4,3,4
1743705467957101,0,5,3,4,0,3,0,4,4,0,1,0
1743705467969254,5,0,4,2,3,2,1,0,4,3,2,3
1743705467981144,5,5,2,0,5,4,2,0,0,4,4,3
1743705467993102,2,4,5,3,3,3,4,0,2,0,0,4
1743705468005899,1,4,1,3,0,3,3,0,2,1,4,1
1743705468017360,0,2,0,3,1,2,3,4,14,0,2,2
1743705468029251,4,8,0,3,3,0,1,5,1,1,4,1
1743705468042258,6,1,0,1,5,2,2,4,0,2,0,3
1743705468054000,4,0,4,3,0,0,6,2,0,4,3,16
1743705468066250,6,4,19,0,3,2,1,5,2,5,3,4
1743705468077960,6,3,0,3,4,3,5,2,2,2,0,1
1743705468089439,3,3,4,2,14,0,1,2,2,0,4,3
1743705468101439,7,3,1,3,2,1,4,0,4,1,3,4
1743705468113327,8,0,6,5,0,4,0,0,5,17,0,3
1743705468125406,6,2,3,0,3,1,6,3,3,1,1,2
1743705468137028,3,4,2,5,3,6,1,3,1,3,3,1
1743705468149275,6,2,2,4,17,6,4,4,1,0,5,4
1743705468161274,6,4,0,0,2,4,1,0,0,4,2,0
1743705468173276,6,1,3,4,4,2,3,0,4,3,3,1
1743705468185268,2,2,4,3,4,2,20,4,4,2,1,4
1743705468196267,4,1,0,3,1,0,1,4,4,4,2,3
1743705468208732,5,5,0,3,7,5,1,4,1,3,0,5
1743705468219868,5,3,3,2,5,4,1,2,3,2,0,3
1743705468233153,6,0,1,4,3,0,0,3,4,3,2,3
1743705468244143,1,1,0,4,2,2,5,3,3,3,0,4
1743705468257146,8,1,2,2,0,6,3,0,0,1,0,2
1743705468268143,5,4,3,3,4,2,0,2,0,1,0,2
1743705468279677,3,3,0,3,5,1,1,0,1,2,4,1
1743705468293301,4,9,0,3,5,4,3,0,4,5,3,3
1743705468310246,4,2,3,2,3,3,3,3,0,2,3,0
1743705468315105,16,1,1,3,1,0,0,4,1,3,3,0
1743705468327196,6,0,6,1,2,0,1,0,0,0,2,2
1743705468338895,1,4,1,2,4,2,4,0,0,3,0,4
1743705468351272,4,1,0,0,3,0,4,7,0,2,1,3
1743705468362653,5,3,0,0,0,0,1,5,4,0,4,0
1743705468375187,6,0,0,2,0,4,2,2,3,0,4,1
1743705468386196,6,0,0,3,1,2,3,4,4,3,3,3
1743705468398184,6,5,4,0,0,4,1,0,0,4,3,0
1743705468411032,7,3,2,3,0,2,3,0,6,1,2,3
1743705468421889,7,5,1,0,0,1,0,9,3,3,0,4
1743705468433894,4,4,1,3,4,2,0,0,3,3,0,5
1743705468446232,3,0,2,1,2,0,3,1,3,0,3,0
1743705468458192,4,1,0,3,4,5,1,0,5,4,4,2
1743705468471640,9,2,0,3,3,2,2,4,3,0,3,2
1743705468485658,9,2,0,0,0,5,2,1,3,3,0,2
1743705468497633,10,2,17,0,1,5,4,9,2,1,2,3
1743705468508929,10,6,0,0,0,2,3,0,4,3,2,3
1743705468522918,11,3,3,3,0,3,3,0,0,4,2,0
1743705468535429,14,3,0,3,5,12,4,4,0,3,3,4
1743705468548262,14,5,4,4,1,4,2,2,3,3,2,0
1743705468560254,18,0,4,4,1,4,2,1,3,0,4,2
1743705468572399,20,0,3,9,4,3,4,3,5,2,2,0
1743705468584194,26,0,0,4,4,0,2,0,4,2,5,2
1743705468596578,28,1,3,2,0,1,3,0,3,0,7,2
1743705468608369,28,3,1,2,0,4,0,2,0,0,7,3
1743705468620164,35,4,2,3,6,5,2,0,4,3,2,3
1743705468633506,35,4,1,0,3,2,0,3,2,0,4,0
1743705468645245,46,4,3,0,3,3,5,0,2,5,0,4
1743705468657247,61,0,4,3,1,2,0,3,3,5,4,4
1743705468670752,55,0,4,0,4,2,0,2,1,3,0,3
1743705468682767,55,4,3,0,3,4,0,0,0,0,0,2
1743705468694246,68,0,3,2,7,0,2,0,3,1,3,3
1743705468707249,74,1,3,0,2,0,2,5,2,6,0,3
1743705468720580,73,6,1,3,3,3,5,14,0,5,4,0
1743705468733014,79,2,1,3,2,3,2,0,1,3,0,2
1743705468745014,82,3,2,4,3,1,3,5,0,3,0,2
1743705468758481,91,0,2,17,5,2,2,2,0,1,0,4
1743705468771361,92,3,3,2,2,1,13,1,3,1,3,1
1743705468785491,95,5,3,0,0,0,5,2,1,1,3,4
1743705468796912,102,2,3,0,4,3,6,3,0,5,3,1
1743705468808978,105,4,0,3,4,0,1,0,3,4,2,0
1743705468821473,103,4,0,2,0,6,1,3,0,3,3,9
1743705468834849,105,4,1,0,1,2,1,3,1,0,3,0
1743705468846379,111,3,1,1,3,1,3,0,5,2,3,1
1743705468859432,110,3,3,0,4,3,0,2,3,6,2,3
1743705468871427,112,0,0,4,2,0,0,4,3,0,3,2
1743705468883698,118,4,2,0,3,2,0,3,4,3,2,4
1743705468896654,129,4,4,0,3,3,3,2,0,2,1,4
1743705468907629,122,4,2,1,1,2,0,2,2,2,3,2
1743705468919220,126,3,0,4,4,11,3,1,4,4,2,0
1743705468932922,122,4,5,7,2,0,4,0,1,3,3,2
1743705468945701,124,2,0,4,5,0,0,1,0,3,0,2
1743705468958701,131,4,6,2,2,3,0,1,4,3,0,3
1743705468971703,128,4,3,0,0,1,4,3,0,3,3,0
1743705468982695,134,3,3,2,0,0,4,3,0,6,4,1
1743705468994711,132,3,2,1,5,3,6,3,0,4,0,3
1743705469009350,136,8,3,0,4,2,0,1,2,4,3,4
1743705469021345,137,3,2,2,2,4,0,3,1,1,2,2
1743705469034592,141,3,3,0,3,2,4,0,5,4,2,0
1743705469046999,145,0,2,3,4,4,5,2,0,0,3,0
1743705469059739,149,5,3,0,0,1,3,0,3,3,0,4
1743705469073368,150,0,4,2,1,21,7,1,3,5,3,0
1743705469085686,153,4,3,2,3,9,0,1,3,3,3,0
1743705469098072,150,3,3,0,0,1,4,3,2,5,2,1
1743705469110123,156,0,0,2,4,1,3,1,0,4,2,0
1743705469122185,160,0,5,3,3,0,4,4,3,0,3,0
1743705469133874,159,2,0,0,2,0,3,2,0,3,0,0
1743705469146606,159,2,0,4,3,2,0,4,4,0,3,3
1743705469159043,158,3,3,1,4,3,0,3,0,3,3,3
1743705469172111,156,4,4,3,2,3,2,0,3,3,1,3
1743705469183673,161,0,2,4,0,1,1,4,4,0,5,0
1743705469195883,159,4,0,3,1,3,5,3,2,3,1,4
1743705469207553,162,3,0,0,4,5,4,1,4,1,4,3
1743705469219282,161,3,4,3,3,3,0,1,4,2,6,5
1743705469231372,167,3,0,3,3,1,3,4,2,3,0,1
1743705469243736,162,3,4,6,0,5,1,4,1,4,2,0
1743705469255385,167,4,4,1,6,5,0,3,5,3,0,3
1743705469268152,170,3,1,4,0,2,5,3,0,5,3,5
1743705469279559,172,1,0,10,4,2,0,2,0,4,3,1
1743705469292669,170,4,3,3,0,4,4,3,1,4,2,10
1743705469304017,178,3,7,2,2,0,1,12,4,3,0,4
1743705469316519,175,2,2,1,0,3,2,5,2,0,2,0
1743705469328966,177,2,0,0,3,4,2,5,2,1,5,3
1743705469341308,177,3,2,3,0,4,2,0,6,1,2,3
1743705469354211,177,0,4,2,2,2,0,4,1,4,4,4
1743705469365438,183,3,2,4,4,0,3,4,4,3,0,4
1743705469377242,184,0,3,3,13,2,0,1,1,3,0,2
1743705469391844,180,0,1,0,3,3,2,0,3,0,0,0
1743705469404966,183,3,0,1,3,0,0,2,1,3,2,4
1743705469418072,185,2,3,0,4,3,0,3,6,0,4,3
1743705469429107,181,5,3,0,1,1,3,1,2,3,14,0
1743705469441843,182,5,0,4,3,2,3,1,4,3,1,4
1743705469454660,183,4,0,4,0,3,4,2,3,4,2,4
1743705469467883,186,4,2,1,3,3,3,4,1,2,1,0
1743705469479881,187,2,2,4,4,2,3,0,4,8,0,6
1743705469492482,186,4,3,1,4,2,1,1,2,0,4,2
1743705469505064,182,3,2,1,2,0,0,4,1,1,5,6
1743705469517771,184,6,3,3,0,3,1,3,3,1,0,2
1743705469529763,191,2,3,3,1,4,4,1,1,3,7,2
1743705469542654,199,0,13,4,2,0,1,1,0,0,4,0
1743705469556608,189,14,0,3,5,0,0,1,4,0,3,5
1743705469571145,194,0,1,2,3,1,4,3,1,3,2,2
1743705469582703,196,1,3,3,1,2,0,3,0,7,5,2
1743705469595552,193,3,4,18,0,5,3,1,3,1,4,2
1743705469607690,193,1,1,3,3,3,1,0,3,4,0,2
1743705469619842,195,8,2,3,2,0,3,4,0,1,0,2
1743705469632172,196,10,1,1,2,4,0,4,2,0,1,3
1743705469644105,198,4,0,3,0,3,3,0,3,0,2,1
1743705469655928,198,1,13,5,4,1,1,0,4,3,4,3
1743705469667703,201,3,4,4,1,0,1,0,3,1,7,2
1743705469679736,194,2,3,7,0,1,3,1,1,1,3,0
1743705469693071,199,2,4,3,18,4,3,4,2,3,0,3
1743705469706102,199,2,0,2,2,3,0,1,0,1,3,2
1743705469719422,195,0,4,3,3,2,15,2,0,2,0,0
1743705469730989,192,3,0,4,3,0,3,3,1,4,4,5
1743705469743679,194,1,3,0,4,2,4,0,3,13,3,3
1743705469758184,196,1,2,2,1,0,2,0,0,0,4,4
1743705469772157,202,3,1,0,2,0,0,1,3,3,4,0
1743705469783990,196,5,1,3,4,3,3,0,2,2,1,3
1743705469795686,197,3,2,2,0,6,3,1,3,0,1,2
1743705469808882,200,0,0,0,0,0,16,3,2,4,4,2
1743705469822285,196,3,2,3,1,3,4,3,2,0,2,0
1743705469835413,199,1,3,2,4,8,3,3,3,4,1,4
1743705469847666,196,0,2,4,2,1,0,0,0,1,1,3
1743705469860065,196,3,0,1,0,2,1,3,0,3,3,3
1743705469871899,203,0,3,3,4,1,3,1,0,0,2,4
1743705469885075,200,5,2,1,5,3,1,4,3,3,3,15
1743705469897171,205,0,4,0,2,1,4,4,4,3,5,3
1743705469909795,197,2,2,1,1,3,0,0,3,0,4,2
1743705469921487,195,2,0,2,0,3,3,0,2,2,1,3
1743705469933675,191,1,3,0,0,1,1,2,6,2,3,5
1743705469945500,185,4,3,0,5,3,0,2,2,0,5,0
1743705469957493,185,1,4,1,5,13,3,18,0,3,0,3
1743705469969487,177,3,4,2,16,0,0,2,4,0,4,2
1743705469981701,180,1,1,0,3,3,2,0,0,3,1,0
1743705469992604,172,0,3,1,14,1,2,0,4,7,0,2
1743705470006296,167,3,5,2,1,0,3,3,4,4,2,3
1743705470019849,165,2,5,0,0,3,2,1,0,4,3,2
1743705470031538,160,2,0,3,0,4,6,0,3,4,0,3
1743705470043632,155,4,1,4,4,3,0,3,1,2,3,4
1743705470057211,149,4,3,7,4,4,0,3,3,0,4,2
1743705470069795,140,3,0,4,2,3,0,3,0,3,2,2
1743705470083130,137,2,2,4,2,3,3,3,4,3,3,1
1743705470095449,135,3,0,4,0,0,3,3,0,3,4,4
1743705470107637,132,0,1,1,0,0,4,4,3,0,8,3
1743705470119329,144,0,6,3,1,0,5,3,4,2,2,0
1743705470131327,129,3,0,4,2,2,0,2,2,3,0,5
1743705470143743,115,0,0,2,0,14,0,3,11,2,2,4
1743705470156476,115,0,3,4,1,4,0,3,3,0,3,2
1743705470170790,112,3,4,4,4,2,19,0,5,1,0,0
1743705470181904,108,1,4,4,2,2,5,4,3,0,0,3
1743705470193909,102,0,2,0,1,0,0,0,3,0,3,3
1743705470208372,105,2,2,3,3,4,2,1,0,0,0,4
1743705470220223,110,0,4,3,0,3,3,3,4,3,7,3
1743705470231963,100,3,4,4,0,3,3,0,4,3,2,0
1743705470243210,98,4,0,4,3,0,4,0,1,1,3,3
1743705470255734,90,5,1,1,0,4,3,4,2,3,3,0
1743705470267781,85,3,7,4,3,3,0,4,4,3,4,4
1743705470279866,82,1,2,3,1,1,3,3,11,0,2,1
1743705470292125,81,5,0,2,2,5,2,2,3,4,0,4
1743705470303895,74,0,4,6,2,3,0,0,4,0,4,4
1743705470316414,72,2,2,4,2,4,3,0,3,2,3,0
1743705470327960,64,3,3,4,2,1,0,4,4,3,4,3
1743705470340955,64,4,2,0,3,4,0,4,1,4,4,1
1743705470351857,56,1,4,4,0,1,0,5,2,4,4,3
1743705470365104,59,3,3,0,3,2,3,0,2,2,3,3
1743705470377115,56,3,3,2,1,0,0,0,4,4,1,3
1743705470391009,54,0,3,1,2,3,5,3,9,0,1,4
1743705470402509,51,4,3,2,2,7,2,1,0,0,4,5
1743705470415085,47,1,4,0,0,3,4,17,0,0,0,4
1743705470426967,41,0,0,14,4,0,0,2,0,2,2,0
1743705470441538,44,2,3,0,3,4,2,1,2,9,0,4
1743705470453952,39,3,4,3,4,2,0,2,2,4,0,1
1743705470468027,38,3,3,4,3,0,4,0,2,3,3,2
1743705470481091,37,5,3,3,2,3,0,2,2,5,1,3
1743705470492096,41,0,3,2,3,1,16,3,3,0,0,0
1743705470505780,42,4,5,1,2,2,0,4,0,2,0,0
1743705470518727,38,16,0,0,2,0,0,4,4,2,2,0
1743705470530988,39,3,4,3,3,2,1,2,0,4,4,3
1743705470543214,38,0,1,3,0,2,0,3,4,3,2,4
1743705470555865,37,4,2,4,0,0,1,0,1,2,3,0
1743705470568222,38,4,4,5,3,0,2,4,0,4,2,4
1743705470580851,36,4,4,2,3,1,4,4,0,0,0,0
1743705470592380,36,2,1,0,3,3,0,4,2,2,4,1
1743705470604383,31,0,4,4,3,21,0,3,2,4,0,4
1743705470617044,34,0,0,3,3,3,5,2,3,4,2,6
1743705470628993,35,3,3,0,0,4,3,0,0,4,2,1
1743705470640006,33,2,1,4,2,0,3,3,2,2,3,0
1743705470652171,30,0,0,4,4,3,14,3,0,3,3,1
1743705470664533,44,3,3,3,0,0,4,2,3,5,0,4
1743705470676387,30,3,2,14,0,5,2,1,4,3,2,2
1743705470690230,25,0,2,4,4,2,0,0,0,4,3,3
1743705470702958,24,5,2,0,1,5,3,2,1,0,4,2
1743705470715154,30,3,0,2,1,4,2,3,0,2,0,3
1743705470726438,27,3,3,3,2,0,4,18,0,1,4,0
1743705470738083,21,4,4,0,4,2,0,4,1,0,5,1
1743705470750012,22,2,4,3,3,0,1,3,0,2,3,0
1743705470762488,21,4,0,3,2,1,9,7,1,3,2,0
1743705470774171,26,3,2,2,3,0,3,0,2,2,1,5
1743705470785540,27,2,2,7,2,3,2,4,1,3,0,0
1743705470797708,23,0,4,3,1,0,5,2,2,1,2,2
1743705470809546,13,2,2,4,2,0,6,3,3,0,0,0
1743705470821959,24,4,2,1,1,0,2,0,2,0,4,3
1743705470834848,23,2,5,4,20,0,3,2,1,4,0,1
1743705470847424,22,1,0,4,5,3,0,3,2,2,0,4
1743705470859038,23,0,4,1,0,4,3,3,1,2,0,1
1743705470871111,22,3,3,3,1,2,3,0,4,0,2,3
1743705470882976,22,0,4,0,1,2,0,4,2,0,4,0
1743705470894126,20,2,4,3,3,3,0,0,2,3,4,2
1743705470906046,17,4,1,3,4,21,0,3,1,0,1,0
1743705470918703,19,3,2,5,4,4,0,2,0,4,2,0
1743705470930348,21,3,4,2,3,0,3,0,4,1,2,0
1743705470942014,20,0,4,4,0,18,3,0,3,2,0,3
1743705470953938,17,0,4,5,0,3,1,1,3,3,0,2
1743705470966161,16,4,3,3,2,0,2,2,3,0,4,3
1743705470978762,28,4,13,0,0,3,1,5,4,3,0,1
1743705470991653,13,4,0,4,0,2,5,5,2,4,1,0
1743705471002667,14,4,4,1,2,0,6,1,0,4,4,0
1743705471015124,14,0,4,3,3,0,4,2,0,1,3,0
1743705471027136,4,2,0,4,4,2,1,1,2,3,2,4
1743705471037884,9,1,0,4,0,2,5,3,6,4,2,4
1743705471050099,9,2,1,4,0,4,0,3,3,1,7,1
1743705471062904,7,3,0,3,2,0,0,4,3,0,14,3
1743705471073844,6,4,3,3,2,4,3,6,3,2,0,3
1743705471085891,4,4,5,0,1,0,3,1,0,4,0,0
1743705471097692,6,0,5,3,0,1,2,0,5,4,4,2
1743705471110265,3,5,3,0,4,7,0,2,2,0,3,3
1743705471122029,4,4,0,4,4,3,0,4,3,1,5,2
1743705471134249,5,2,2,2,0,1,3,2,0,4,1,2
1743705471145563,8,1,3,3,1,3,1,2,4,0,1,8
1743705471157022,6,3,4,2,2,3,2,4,0,3,0,3
1743705471168847,7,0,4,1,4,5,3,4,0,3,1,3
1743705471181258,8,3,0,0,3,0,3,0,2,2,0,2
1743705471192955,3,3,7,4,4,0,4,0,5,4,4,5
1743705471204890,7,0,0,2,3,4,2,0,3,0,3,3
1743705471216983,3,0,3,0,3,0,2,6,3,0,4,8
1743705471228375,9,1,0,0,3,0,1,0,5,5,3,1
1743705471241578,8,3,3,4,1,4,3,0,3,2,2,3
1743705471253920,6,2,2,0,5,2,0,4,9,4,5,1
1743705471265966,4,4,3,0,4,3,0,3,4,4,2,6
1743705471278971,8,2,3,3,0,4,4,4,0,3,4,17
1743705471290297,9,4,3,0,4,0,4,0,4,2,0,3
1743705471302152,7,5,6,2,0,3,5,1,3,3,1,3
1743705471314286,12,0,0,4,3,1,0,4,5,2,0,4
1743705471326625,3,3,4,0,0,2,3,3,0,3,3,3
1743705471337928,8,0,2,5,0,5,0,4,0,4,2,3
1743705471350267,6,1,5,4,3,2,2,4,20,4,3,0
1743705471362875,6,3,8,4,4,5,3,2,0,4,2,3
1743705471374403,7,4,0,0,3,0,3,3,0,4,3,2
1743705471386162,2,0,6,4,4,0,4,3,0,2,4,3
1743705471398103,7,2,3,3,0,3,1,3,1,3,4,3
1743705471410788,7,5,0,4,4,2,8,4,2,0,3,3
1743705471421800,8,2,3,5,2,2,0,1,3,4,1,0
1743705471434147,8,4,3,4,2,8,4,0,2,1,9,6
1743705471446301,8,4,0,4,4,4,3,0,4,15,0,2
1743705471458475,7,3,0,0,4,3,0,6,4,2,0,2
1743705471470189,7,5,3,4,4,3,0,0,0,2,3,0
1743705471481340,8,2,0,2,3,0,2,0,4,4,5,0
1743705471493526,3,1,4,6,3,3,3,3,16,3,2,4
1743705471505766,6,2,3,0,4,3,2,0,2,0,0,4
1743705471517147,5,6,8,0,3,5,2,0,0,1,4,2
1743705471529393,9,4,2,0,0,5,4,2,0,5,3,0
1743705471541393,11,2,2,3,0,5,3,0,0,4,3,1
1743705471553303,8,0,3,5,4,2,3,0,0,3,2,0
1743705471564892,8,3,3,4,2,1,1,3,5,3,2,4
1743705471575834,15,4,0,4,2,0,4,1,2,2,1,0
1743705471588098,7,3,2,1,0,4,4,0,3,3,0,3
1743705471600217,7,3,2,3,0,3,1,3,0,2,4,20
1743705471612361,3,2,0,4,11,4,3,2,3,5,1,2
1743705471626101,8,0,13,4,4,0,2,0,1,0,2,0
1743705471637139,5,3,2,2,0,4,2,2,3,0,1,3
1743705471651274,2,3,0,4,0,2,0,2,0,4,0,4
1743705471663016,3,0,2,1,3,3,6,0,5,4,22,0
1743705471675886,7,0,2,1,3,0,2,3,0,3,5,3
1743705471689200,4,3,4,3,4,0,4,0,4,2,1,3
1743705471704057,6,2,4,4,4,0,4,2,2,3,0,3
1743705471716359,8,4,0,0,0,3,4,3,4,2,0,4
1743705471728107,3,4,2,7,4,2,6,3,19,0,3,0
1743705471740005,6,3,2,5,1,0,2,3,6,0,2,4
1743705471752158,8,3,6,3,6,4,0,2,3,4,2,2
1743705471763905,9,5,2,0,4,3,4,1,4,5,0,3
1743705471777078,6,1,1,4,1,2,4,5,0,2,0,5
1743705471791373,8,2,0,2,0,3,4,1,3,4,3,0
1743705471804374,12,4,2,2,3,3,19,0,6,4,3,3
1743705471818077,6,0,4,4,4,0,1,5,3,4,2,4
1743705471830087,6,2,4,4,2,0,4,2,0,4,2,6
1743705471842085,4,4,4,3,0,4,4,2,1,2,0,1
1743705471854904,7,2,3,3,2,0,4,3,2,4,4,4
1743705471868674,6,4,0,3,4,1,0,4,2,0,3,4
1743705471880226,14,2,5,4,0,2,0,4,0,4,1,0
1743705471892763,5,4,3,5,3,0,2,0,4,2,0,2
1743705471904862,11,4,1,0,4,2,3,0,0,5,3,0
1743705471917617,3,4,2,0,4,1,1,0,2,4,2,0
1743705471929615,3,1,0,0,3,2,2,2,8,2,3,4
1743705471941850,2,2,3,0,4,2,3,2,4,4,6,3
1743705471953450,6,2,1,4,3,3,0,4,3,0,2,1
1743705471965480,11,0,0,4,4,3,3,0,4,4,0,2
1743705471977970,20,2,1,0,2,4,4,1,0,3,0,3
1743705471991186,6,1,2,3,0,4,2,4,4,3,3,1
1743705472002998,3,3,1,4,4,2,0,3,2,6,1,6
1743705472014799,3,14,2,0,4,3,6,2,8,0,4,3
1743705472027741,8,5,3,4,0,4,2,0,2,0,3,1
1743705472040875,8,3,3,3,11,1,0,4,3,3,3,1
1743705472055896,6,0,0,3,3,4,3,0,0,4,3,0
1743705472067711,10,0,3,3,0,2,9,4,5,0,4,3
1743705472080712,15,4,0,2,3,3,3,5,4,2,2,0
1743705472092536,16,4,2,0,0,3,0,4,3,16,2,0
1743705472104686,21,0,3,3,4,5,3,0,4,2,0,3
1743705472117348,22,4,2,0,2,0,4,3,3,0,2,9
1743705472128790,28,3,5,4,1,3,3,4,2,0,2,2
1743705472141783,31,3,3,4,3,0,0,4,2,0,0,1
1743705472153782,35,6,2,4,0,3,3,2,4,3,0,3
1743705472165405,38,2,13,2,3,4,3,0,0,2,0,3
1743705472176984,40,4,3,2,4,2,9,4,2,0,5,1
1743705472189000,40,0,3,3,5,0,3,3,0,3,10,5
1743705472201016,42,4,1,4,0,5,1,4,3,0,2,3
1743705472212428,55,1,3,1,2,4,3,7,0,3,4,5
1743705472224099,62,1,2,1,4,1,2,4,3,0,0,4
1743705472237031,68,0,4,2,3,1,2,0,4,3,3,3
1743705472250008,75,0,4,3,0,4,0,2,3,0,2,2
1743705472262333,82,0,4,3,2,2,1,20,3,19,2,2
1743705472274368,90,4,1,4,2,4,4,1,0,4,4,1
1743705472287972,89,4,2,4,3,0,2,0,5,3,4,15
1743705472299880,95,4,0,0,1,0,1,4,4,3,3,3
1743705472312638,100,4,2,19,1,5,3,0,1,2,4,1
1743705472324669,104,4,2,0,3,1,3,3,2,0,4,0
1743705472337656,113,3,0,2,1,4,1,3,4,9,4,0
1743705472349091,116,2,3,3,2,0,3,2,3,2,2,3
1743705472361357,136,0,6,4,4,2,2,3,0,3,0,2
1743705472373177,125,0,1,0,3,0,5,0,0,3,4,0
1743705472384871,134,8,3,2,0,3,2,0,4,3,0,2
1743705472397313,136,2,0,0,3,2,2,0,1,0,2,4
1743705472410094,139,4,6,3,0,0,3,3,3,2,2,4
1743705472422484,145,1,5,3,3,3,0,2,4,2,1,2
1743705472433828,146,3,1,3,7,6,1,3,0,0,3,0
1743705472445822,150,0,3,3,0,4,2,3,2,2,0,2
1743705472458746,149,3,2,6,2,3,2,3,0,0,4,1
1743705472469800,148,0,3,4,5,0,0,5,0,2,3,1
1743705472482558,149,4,0,4,4,0,2,0,3,0,5,2
1743705472495138,156,4,2,2,1,0,0,0,2,3,3,0
1743705472506168,161,3,3,0,1,5,4,1,1,2,2,3
1743705472518066,164,4,0,4,2,3,9,4,3,1,2,0
1743705472530561,165,5,0,3,2,2,0,3,3,4,3,4
1743705472542262,167,0,14,3,3,3,5,0,2,4,3,0
1743705472554230,169,3,3,4,0,3,3,2,0,2,1,4
1743705472565905,174,2,2,2,14,4,2,1,3,3,3,1
1743705472578104,175,0,5,3,0,1,3,1,4,1,0,6
1743705472589469,181,0,4,3,0,3,4,4,2,0,2,0
1743705472602163,183,0,0,0,1,7,3,0,3,1,0,0
1743705472613989,185,0,0,0,0,3,4,0,0,3,4,3
1743705472626341,188,0,4,3,7,5,0,4,0,0,2,2
1743705472637519,188,2,1,1,2,0,3,3,2,2,0,0
1743705472649559,193,4,3,3,3,3,0,0,4,2,0,5
1743705472661336,195,3,0,3,0,0,1,1,4,4,2,4
1743705472673230,196,2,0,3,3,5,3,2,2,4,1,6
1743705472685516,201,3,4,0,0,0,0,0,0,0,0,6
1743705472697053,203,1,1,4,5,3,3,2,0,2,4,3
1743705472708459,204,8,2,0,0,3,4,0,0,3,2,3
1743705472721247,201,2,0,3,0,0,0,3,5,4,3,2
1743705472732788,207,0,4,4,2,1,1,4,5,4,1,3
1743705472744427,208,3,3,2,7,2,0,3,4,9,3,3
1743705472757029,212,2,3,2,3,0,4,0,5,1,1,4
1743705472768267,210,0,3,0,3,4,2,13,0,3,4,3
1743705472780623,207,4,4,1,3,4,0,5,0,3,1,4
1743705472792980,210,3,0,4,3,2,4,4,3,2,1,2
1743705472804491,212,3,0,0,15,2,3,4,3,5,2,0
1743705472816014,216,5,3,0,0,2,4,3,1,3,2,2
1743705472828705,217,0,4,1,2,1,5,1,3,2,10,1
1743705472839842,215,4,3,6,0,4,3,4,15,2,0,5
1743705472852614,218,0,0,1,3,0,2,2,2,0,1,4
1743705472864533,220,0,0,1,3,13,1,4,1,0,15,0
1743705472876290,219,1,12,1,3,2,2,3,0,4,4,0
1743705472888566,225,2,4,2,2,0,3,4,0,3,2,1
1743705472900359,224,0,4,2,2,4,0,3,5,0,0,4
1743705472912336,224,4,2,6,2,3,3,3,2,2,3,0
1743705472924082,227,3,1,0,0,0,3,3,3,0,0,2
1743705472936596,225,0,2,1,2,0,19,0,4,10,2,3
1743705472948679,222,6,2,2,7,0,1,3,1,2,0,4
1743705472960010,227,4,4,5,4,2,3,5,0,2,1,2
1743705472972505,231,6,0,0,0,3,2,5,3,3,0,0
1743705472984504,230,4,3,0,0,4,3,0,3,1,0,2
1743705472996557,229,3,0,0,5,3,4,0,1,3,2,0
1743705473007781,226,2,0,3,3,3,0,1,4,2,0,3
1743705473020136,229,2,7,0,0,3,5,4,2,3,2,0
1743705473032227,232,3,1,4,1,5,2,0,3,4,1,3
1743705473044715,227,2,2,0,2,0,4,4,3,3,1,0
1743705473056231,232,3,4,4,4,4,3,4,1,3,3,0
1743705473068375,228,3,4,3,3,0,0,1,3,2,2,3
1743705473079770,232,0,4,4,4,2,3,1,0,1,2,0
1743705473091822,229,0,3,3,2,0,3,2,18,0,2,2
1743705473103732,232,0,0,3,1,3,2,0,0,3,0,3
1743705473115950,233,3,2,1,0,4,1,1,0,4,2,3
1743705473127493,231,2,0,3,3,1,5,0,2,3,20,0
1743705473139976,232,2,3,3,2,1,4,10,3,4,0,4
1743705473151286,235,2,2,0,3,2,2,3,3,0,4,20
1743705473164013,234,2,0,2,4,3,0,0,4,3,3,0
1743705473175263,228,3,0,3,4,4,3,3,3,1,4,3
1743705473187418,229,1,1,0,0,0,0,3,3,2,0,4
1743705473199022,231,2,3,1,1,3,4,5,1,3,5,0
1743705473212077,232,2,3,2,1,0,3,4,3,3,0,5
1743705473223145,231,1,7,4,4,3,9,2,3,2,2,15
1743705473234453,226,1,3,1,2,0,1,0,0,4,2,0
1743705473247468,226,2,17,3,4,0,0,1,3,3,1,2
1743705473259227,228,2,0,2,2,8,3,0,0,0,0,3
1743705473271046,225,0,3,3,5,3,3,2,1,0,0,0
1743705473283103,227,3,2,3,0,4,4,4,4,4,4,12
1743705473294555,226,1,1,4,0,3,2,0,0,3,2,4
1743705473307098,225,3,0,3,0,0,0,4,10,0,4,3
1743705473319002,219,5,3,4,1,2,4,0,0,11,5,2
1743705473330985,222,1,0,4,4,2,20,2,0,3,2,4
1743705473343366,216,4,3,3,1,2,3,2,3,4,4,0
1743705473355099,220,3,0,9,2,0,0,4,3,0,2,0
1743705473366965,214,4,4,3,3,5,0,2,0,2,1,0
1743705473378956,212,3,2,0,4,3,0,4,2,0,3,4
1743705473390701,214,4,1,4,2,0,3,2,0,3,3,19
1743705473402346,211,2,3,4,3,0,4,0,0,4,6,2
1743705473414293,206,0,3,0,5,3,4,3,3,2,0,3
1743705473426953,196,5,3,3,1,4,6,3,5,1,0,0
1743705473437841,203,2,3,5,2,2,0,2,1,0,0,4
1743705473449842,197,4,15,3,0,4,2,5,1,4,3,0
1743705473462266,198,4,2,3,5,2,3,0,3,1,6,0
1743705473474009,194,0,2,3,1,4,1,2,4,4,4,1
1743705473485649,192,4,4,3,0,0,0,2,0,0,3,2
1743705473497324,186,7,1,4,3,3,3,5,4,2,4,4
1743705473510228,180,4,0,3,5,4,2,0,0,4,1,4
1743705473521881,191,0,0,4,3,4,15,2,3,0,1,1
1743705473532847,177,4,1,0,3,1,1,4,3,1,3,5
1743705473545174,176,4,4,5,3,0,3,0,5,1,0,4
1743705473559316,177,3,0,2,3,5,0,3,1,1,0,3
1743705473572112,170,6,4,4,2,2,8,4,1,2,0,2
1743705473584751,176,5,3,0,4,3,5,3,1,4,3,5
1743705473596104,163,0,3,2,4,0,4,3,0,0,0,0
1743705473608102,163,3,7,2,2,0,2,0,3,3,2,2
1743705473622628,162,2,3,0,4,3,2,3,7,2,0,4
1743705473636252,156,4,2,3,4,0,5,3,3,4,0,1
1743705473647594,160,4,0,1,11,2,2,0,0,0,2,5
1743705473659676,157,4,2,3,14,12,3,2,3,0,2,0
1743705473671569,158,0,3,2,2,0,3,3,4,4,3,3
1743705473683584,158,2,0,3,1,6,3,3,0,2,1,0
1743705473695695,153,4,1,2,6,1,3,0,0,6,2,3
1743705473707890,146,4,0,3,4,3,2,0,3,4,1,3
1743705473720190,143,0,2,2,2,4,0,1,5,1,2,4
1743705473731679,140,4,4,17,1,3,5,0,3,2,0,2
1743705473743479,141,0,1,3,6,0,7,4,2,6,3,1
1743705473757176,138,0,3,0,3,0,8,4,1,0,3,3
1743705473769621,136,4,3,0,5,2,1,3,4,4,4,2
1743705473781740,130,1,5,3,2,2,6,3,3,4,3,5
1743705473794220,126,1,2,3,0,4,3,0,5,0,5,2
1743705473805252,119,7,1,0,4,2,0,1,2,3,6,4
1743705473817415,120,4,0,2,4,5,4,3,1,1,16,3
1743705473828911,112,0,4,2,15,0,4,1,0,1,0,3
1743705473842084,110,3,4,4,1,4,3,0,0,2,0,2
1743705473853757,108,2,1,4,2,0,4,3,7,5,0,3
1743705473865874,105,4,0,2,0,1,0,10,4,4,0,3
1743705473878201,97,1,2,6,0,1,1,3,2,1,4,9
1743705473889412,93,3,2,3,0,3,1,1,1,3,0,3
1743705473902104,84,0,3,3,1,2,4,1,0,2,3,6
1743705473914345,85,4,3,0,4,6,0,4,2,1,5,4
1743705473926247,81,3,3,1,18,2,2,0,4,0,3,0
1743705473937692,76,2,3,3,2,0,2,2,1,2,1,2
1743705473950826,70,6,18,1,0,2,3,4,0,1,2,1
1743705473962715,66,0,1,6,0,2,0,3,4,0,5,0
1743705473975208,61,0,3,4,2,18,1,3,0,0,0,3
1743705473988703,61,7,2,3,2,1,0,3,1,2,0,4
1743705474001037,59,16,1,0,4,3,2,0,0,0,4,3
1743705474013659,55,3,1,0,4,3,0,2,1,6,2,1
1743705474025870,50,3,2,3,3,0,4,1,4,3,0,3
1743705474039604,48,3,2,3,2,0,4,1,0,4,2,0
1743705474052130,48,4,0,0,3,0,3,1,1,2,9,4
1743705474064467,49,2,5,3,1,4,0,3,4,3,3,1
1743705474075745,42,4,2,0,0,3,2,0,0,1,4,20
1743705474087775,44,4,1,1,0,0,4,0,5,1,1,5
1743705474100053,43,0,3,2,2,0,5,0,0,1,2,0
1743705474112597,40,2,1,0,6,2,0,3,2,2,15,3
1743705474131271,38,2,3,1,4,3,4,3,3,0,1,1
1743705474135310,33,0,4,3,1,2,4,2,0,0,4,0
1743705474147615,28,1,2,2,3,0,0,8,2,3,0,3
1743705474159134,26,0,1,2,2,1,4,1,0,3,3,0
1743705474171392,30,4,3,1,0,3,1,2,3,1,5,3
1743705474182383,41,5,0,8,3,1,4,1,0,2,0,2
1743705474195393,26,3,3,0,4,3,3,2,1,2,0,3
1743705474207471,24,2,2,0,0,4,2,4,2,1,0,2
1743705474219771,18,4,2,0,2,0,4,3,0,0,0,4
1743705474231180,19,4,4,3,2,3,15,5,2,1,4,1
1743705474243176,15,19,3,2,2,2,2,0,4,4,4,2
1743705474254971,11,4,3,3,3,0,0,2,1,3,3,0
1743705474266935,10,2,4,0,3,3,3,3,1,3,2,4
1743705474278082,10,0,3,1,3,4,3,2,2,0,6,2
1743705474291885,10,1,3,0,4,2,0,5,3,19,4,4
1743705474305035,11,3,0,4,1,3,0,4,4,0,1,0
1743705474316167,9,3,2,3,0,4,3,0,0,2,0,0
1743705474327894,9,0,0,7,2,0,0,3,4,2,13,3
1743705474340743,10,0,5,2,0,1,3,0,1,4,2,6
1743705474352629,10,2,3,0,5,4,0,4,3,3,0,0
1743705474364783,9,2,1,1,3,1,2,4,5,1,4,0
1743705474376883,10,2,3,0,3,2,5,6,3,3,2,0
1743705474388902,4,2,3,1,4,5,0,3,0,0,2,5
1743705474401061,9,4,1,1,1,3,6,1,3,3,2,0
1743705474413676,4,0,4,3,0,5,1,3,3,2,5,3
1743705474425594,5,4,3,3,4,0,3,8,1,0,0,3
1743705474437599,7,3,3,2,2,0,4,3,1,3,2,4
1743705474449378,8,0,7,4,0,1,0,3,9,5,3,4
1743705474462650,5,3,2,4,2,2,4,1,3,5,2,2
1743705474473535,10,2,2,0,2,2,0,4,3,3,11,2
1743705474485280,8,0,2,4,3,4,5,3,4,3,9,4
1743705474497274,9,4,2,3,2,7,0,5,4,6,3,3
1743705474510842,9,0,0,0,14,2,13,0,4,3,2,1
1743705474522749,9,9,1,3,0,3,1,0,0,2,4,2
1743705474535264,4,4,2,4,1,0,1,4,1,4,4,3
1743705474547794,11,4,0,3,1,3,0,2,1,3,3,0
1743705474559795,4,5,3,1,0,2,2,0,16,3,3,1
1743705474572373,6,4,3,2,2,0,3,3,1,3,3,3
1743705474583949,7,3,2,3,4,0,4,0,1,5,2,1
1743705474596263,8,4,3,0,4,0,3,3,4,2,0,3
1743705474608575,8,0,2,1,2,2,2,0,2,2,4,4
1743705474619722,9,2,3,1,4,0,1,0,4,2,7,5
1743705474632060,22,13,2,0,3,5,3,3,2,5,4,2
1743705474643977,4,3,2,1,1,0,0,3,2,4,2,4
1743705474656165,7,0,0,4,2,0,5,3,0,0,0,3
1743705474668011,8,0,4,4,0,3,2,2,3,0,2,0
1743705474679648,11,3,3,4,3,6,1,0,1,0,4,4
1743705474691952,6,0,3,3,1,5,1,1,2,2,5,4
1743705474703421,8,1,3,1,3,1,0,5,0,2,3,4
1743705474715677,8,10,0,2,0,3,1,2,6,0,3,2
1743705474727953,10,4,2,1,0,3,4,4,2,2,0,1
1743705474739628,9,1,11,0,3,3,4,0,0,4,1,1
1743705474752252,7,4,5,4,8,0,0,0,4,3,4,2
1743705474763572,9,2,3,3,3,7,1,3,0,3,3,0
1743705474776420,11,2,0,2,3,3,1,1,0,3,3,3
1743705474788552,9,4,1,1,4,4,0,2,2,4,1,4
1743705474799625,7,0,3,3,0,4,4,2,7,3,1,4
1743705474811723,5,0,0,1,0,0,4,3,1,4,3,3
1743705474823784,5,2,3,3,0,3,1,3,2,0,2,0
1743705474835792,5,4,6,3,3,0,4,2,6,0,0,3
1743705474848801,9,1,5,3,2,5,10,3,2,3,5,1
1743705474860207,9,3,0,3,4,1,0,3,0,3,2,1
1743705474873031,7,3,2,2,0,3,3,2,3,1,1,0
1743705474884764,6,2,4,0,0,4,4,3,0,1,4,3
1743705474896748,9,3,0,6,4,3,0,4,0,2,3,2
1743705474908720,5,2,4,0,0,1,3,0,3,0,3,0
1743705474921741,9,3,3,2,1,3,2,0,5,2,2,0
1743705474933155,15,2,4,3,8,3,4,3,2,5,3,0
1743705474945452,6,4,0,2,3,2,0,2,3,3,0,0
1743705474957117,6,1,0,2,2,3,2,0,4,4,0,2
1743705474968747,7,0,0,0,4,3,3,0,0,0,4,3
1743705474981212,8,1,2,2,3,2,1,0,2,1,4,4
1743705474993488,7,4,3,3,3,2,4,0,3,3,2,1
1743705475004334,8,3,0,3,3,2,2,0,0,12,3,1
1743705475017345,10,1,0,3,2,1,0,2,4,3,16,1
1743705475029148,9,0,6,2,0,4,3,11,2,0,3,4
1743705475040908,11,3,5,4,2,1,4,0,4,4,0,2
1743705475052576,4,4,2,4,3,5,4,4,4,0,4,3
1743705475064935,5,3,3,3,5,1,1,2,2,2,2,0
1743705475077603,8,5,4,4,5,0,0,4,0,3,20,3
1743705475089574,10,3,0,4,3,1,3,0,3,3,0,3
1743705475101446,9,3,2,0,3,4,3,2,0,3,14,2
1743705475113580,8,2,0,0,1,0,3,4,0,4,3,2
1743705475125970,10,4,1,3,2,0,0,0,3,3,4,4
1743705475137651,7,1,3,3,4,3,0,2,3,4,3,1
1743705475151560,7,4,0,0,4,3,0,3,2,4,3,3
1743705475163249,8,3,3,0,0,2,1,5,0,2,2,3
1743705475176006,5,4,5,4,3,1,3,3,6,4,3,3
1743705475189312,7,3,4,2,3,0,3,0,2,2,5,2
1743705475202160,8,10,0,6,4,3,2,4,4,2,3,4
1743705475214158,11,4,1,1,2,1,0,2,3,2,3,0
1743705475227225,13,5,4,1,3,10,0,4,3,4,2,1
1743705475239386,15,2,3,1,2,2,3,4,2,1,1,3
1743705475251868,12,3,2,1,2,3,4,0,4,3,0,0
1743705475263537,15,0,4,6,3,0,5,2,12,4,4,4
1743705475276455,19,0,5,4,3,3,3,0,2,1,1,2
1743705475288010,20,4,0,4,4,2,3,4,3,0,4,4
1743705475301177,23,2,1,5,4,4,3,1,4,2,3,2
1743705475314059,26,0,5,3,1,4,4,0,2,4,2,5
1743705475326891,26,3,2,5,0,4,4,2,0,1,2,4
1743705475338850,39,0,0,3,3,3,1,3,1,3,1,3
1743705475351079,45,4,4,2,3,1,0,4,2,4,3,0
1743705475364039,47,0,2,3,0,4,0,3,2,3,2,0
1743705475375751,64,0,4,4,2,2,3,2,0,3,6,4
1743705475389333,55,4,2,0,6,3,3,6,0,3,3,0
1743705475401390,64,3,0,4,4,4,0,1,2,4,1,4
1743705475414270,74,3,3,3,1,4,1,0,4,2,4,2
1743705475427033,87,2,0,4,3,0,0,4,3,2,3,0
1743705475438273,94,4,2,2,0,4,1,2,2,2,0,3
1743705475450543,95,1,4,14,4,0,1,3,0,3,2,0
1743705475462940,99,4,0,4,2,3,3,3,0,3,5,1
1743705475475015,102,3,0,1,2,2,4,1,1,2,2,3
1743705475486704,106,3,3,2,2,3,0,1,0,0,0,1
1743705475498150,110,13,3,0,0,2,2,3,3,6,2,0
1743705475510112,114,12,4,0,6,3,10,0,3,0,0,0
1743705475522151,116,0,3,1,3,0,3,0,0,0,4,1
1743705475534102,121,1,3,1,1,3,0,4,4,2,2,2
1743705475545745,126,0,4,3,3,5,4,2,21,0,4,4
1743705475557520,128,0,3,2,3,3,2,4,0,2,1,3
1743705475569892,129,4,3,1,2,7,3,2,3,4,0,4
1743705475580998,137,4,2,2,5,0,1,0,1,0,2,0
1743705475593719,144,3,4,0,1,5,3,2,1,0,4,8
1743705475605721,148,4,3,0,4,1,0,2,2,4,2,3
1743705475617268,150,3,1,0,0,8,4,2,1,5,5,2
1743705475629080,156,2,3,0,8,2,3,0,0,4,3,1
1743705475641520,153,3,2,0,4,2,1,6,0,4,0,2
1743705475654302,162,4,4,4,4,3,0,7,2,3,3,0
1743705475666383,162,0,4,1,3,3,4,4,3,2,5,0
1743705475678743,163,1,0,2,3,2,0,1,2,0,5,3
1743705475690486,166,0,4,4,1,3,0,8,16,1,3,3
1743705475702799,179,1,0,3,3,3,3,1,0,4,4,6
1743705475714410,173,3,1,2,3,9,0,4,0,2,4,3
1743705475726682,176,3,2,3,4,3,1,2,2,1,0,3
1743705475738531,178,3,6,0,0,2,0,2,2,3,0,4
1743705475751560,176,3,3,0,3,2,2,13,0,3,0,0
1743705475763581,183,0,5,3,5,2,3,0,0,2,3,0
1743705475775715,179,0,0,19,3,14,3,3,3,3,1,4
1743705475787413,184,9,0,0,4,3,0,3,3,2,1,2
1743705475798871,180,3,3,4,3,4,4,7,3,6,2,1
1743705475811421,186,2,0,4,4,2,1,0,1,0,4,4
1743705475823206,188,3,0,0,2,1,3,3,3,3,1,3
1743705475835584,189,7,0,6,0,3,1,2,1,2,3,1
1743705475846873,187,6,0,4,4,1,1,2,2,3,2,0
1743705475859603,193,3,4,3,2,1,2,4,3,3,3,4
1743705475871051,197,0,2,2,5,5,2,0,5,1,0,0
1743705475883794,199,7,3,3,9,0,4,0,0,0,4,3
1743705475895397,207,1,3,1,0,0,3,3,2,1,0,0
1743705475908189,205,3,4,3,2,3,3,0,1,6,3,2
1743705475919503,212,2,3,2,5,3,3,0,0,2,4,2
1743705475932251,214,5,4,2,3,0,4,4,2,4,3,0
1743705475944253,214,3,3,4,3,0,4,4,13,2,11,0
1743705475955637,218,3,4,3,4,4,1,5,4,3,0,1
1743705475968398,224,0,3,3,0,1,3,2,1,16,6,1
1743705475980850,219,1,0,4,3,4,2,4,2,2,3,2
1743705475993655,218,1,3,1,2,3,1,3,4,4,1,4
1743705476005141,218,0,0,4,0,0,2,1,2,0,0,3
1743705476016874,218,2,2,1,5,1,3,2,3,0,0,1
1743705476029024,218,3,4,3,0,0,3,2,4,0,16,3
1743705476042085,207,4,1,2,2,3,1,2,4,0,2,0
1743705476054084,213,5,3,0,0,4,20,3,4,4,0,1
1743705476066187,218,2,0,3,4,0,4,0,3,1,2,5
1743705476078409,218,3,3,0,1,0,4,2,0,1,4,4
1743705476090381,208,3,2,0,4,3,1,2,2,3,3,3
1743705476102131,219,2,2,15,4,2,0,0,1,5,5,2
1743705476114619,218,3,3,2,0,4,0,0,0,3,0,4
1743705476127220,217,4,1,0,3,1,3,5,0,1,1,0
1743705476139008,223,1,3,6,1,0,0,3,2,10,3,3
1743705476150877,222,3,0,4,1,0,1,3,2,0,4,2
1743705476163271,219,3,1,0,4,4,3,2,3,2,3,0
1743705476177258,225,5,5,2,3,1,3,0,1,2,3,2
1743705476188831,223,13,4,4,3,0,3,0,0,3,5,4
1743705476201247,223,2,0,5,2,9,0,3,4,4,2,1
1743705476212899,218,4,2,1,0,2,7,4,3,2,2,2
1743705476225282,219,3,4,3,0,1,0,4,3,3,1,4
1743705476236202,217,0,14,4,1,0,3,1,0,3,1,4
1743705476248209,212,14,2,0,2,0,4,0,3,1,2,3
1743705476259929,212,2,3,3,0,4,2,0,0,2,1,3
1743705476271969,205,4,2,0,4,1,0,3,9,3,0,1
1743705476284750,212,1,7,3,4,3,1,4,2,0,5,0
1743705476296745,214,1,0,4,3,0,4,2,16,0,2,0
1743705476308632,214,1,4,1,3,1,4,4,0,10,4,0
1743705476319944,212,2,1,3,4,4,4,4,2,0,3,0
1743705476332790,215,3,0,4,4,4,9,2,4,16,2,2
1743705476344449,219,3,3,4,4,0,3,0,3,4,1,3
1743705476356418,214,13,3,5,1,2,0,1,0,4,15,4
1743705476368328,216,4,1,2,0,3,7,2,1,0,2,0
1743705476380494,223,4,4,0,2,1,3,4,1,0,3,4
1743705476392374,219,3,4,3,1,3,3,0,5,4,0,2
1743705476405278,221,0,3,3,1,1,4,0,3,2,2,4
1743705476417678,216,4,4,1,3,2,0,2,4,1,2,0
1743705476429140,218,3,3,5,3,3,1,0,0,2,3,3
1743705476441482,216,8,2,3,4,2,2,4,1,1,3,1
1743705476453799,210,2,2,0,2,0,4,3,0,3,0,0
1743705476465367,212,3,3,0,12,2,1,4,3,2,4,3
1743705476477393,207,0,4,2,0,4,4,1,2,5,3,4
1743705476489644,202,1,3,0,4,3,1,4,3,3,0,1
1743705476501887,201,4,4,12,4,3,0,2,3,0,3,4
1743705476514196,203,7,0,1,1,1,0,0,3,3,0,4
1743705476527233,205,2,4,6,4,3,2,4,1,1,4,4
1743705476539259,206,2,1,0,5,2,0,1,3,3,4,18
1743705476551028,202,2,1,4,2,0,0,1,1,2,3,1
1743705476563215,196,2,3,3,2,9,3,3,2,3,11,2
1743705476576425,200,0,4,1,4,3,5,3,2,4,3,0
1743705476587108,199,4,4,4,3,2,0,1,4,0,3,0
1743705476599748,194,2,3,1,4,0,3,4,0,2,0,2
1743705476611777,196,4,1,4,4,2,4,0,3,18,3,2
1743705476623990,199,5,3,3,4,3,2,2,4,7,4,4
1743705476635803,203,6,3,0,3,3,0,2,0,0,4,1
1743705476647363,182,3,4,2,2,1,5,2,0,3,0,3
1743705476660324,174,5,5,2,2,3,0,1,0,3,3,4
1743705476671558,176,2,2,6,6,6,3,6,3,1,0,1
1743705476684640,171,3,0,4,3,0,4,3,3,0,5,6
1743705476696236,166,4,7,0,3,3,3,2,2,4,8,5
1743705476708402,165,4,0,2,2,0,2,1,3,1,4,2
1743705476721294,160,7,4,0,4,0,2,3,2,3,4,1
1743705476733480,155,3,3,5,4,6,0,3,0,4,3,2
1743705476745479,148,3,3,1,3,2,0,3,2,4,20,0
1743705476757154,146,4,3,0,1,1,0,3,7,0,4,1
1743705476769744,139,0,4,4,3,3,5,3,4,2,3,10
1743705476794579,130,0,4,3,2,3,4,0,1,3,3,1
1743705476796598,129,1,1,4,4,3,0,2,3,4,3,1
1743705476804598,123,0,3,3,2,2,4,2,0,1,5,2
1743705476816158,122,3,1,1,2,8,3,3,3,4,0,2
1743705476828118,118,2,0,2,3,2,0,3,9,1,0,0
1743705476840524,113,2,3,2,0,1,3,2,4,1,0,2
1743705476851441,111,3,0,4,2,0,3,1,2,0,3,3
1743705476863944,111,0,0,1,0,4,3,0,3,3,1,2
1743705476875924,109,4,3,0,0,4,4,3,2,0,2,0
1743705476888589,104,2,1,2,2,0,4,0,5,3,1,3
1743705476903529,101,3,2,4,3,4,0,3,3,0,3,4
1743705476916613,106,2,0,3,6,2,3,0,0,4,0,4
1743705476928218,116,2,2,4,12,3,3,0,5,3,1,0
1743705476941402,98,2,3,0,0,4,2,0,0,5,3,3
1743705476955225,97,1,3,4,4,4,1,1,3,1,1,0
1743705476970621,94,3,1,3,3,3,0,5,4,6,3,4
1743705476982745,89,0,4,1,0,4,3,5,1,2,1,3
1743705476994819,81,4,4,4,1,2,0,1,3,0,3,7
1743705477007933,82,1,3,3,0,1,3,0,5,1,4,2
1743705477020402,81,4,0,3,2,0,6,4,3,3,1,3
1743705477033783,77,2,0,0,0,0,4,1,3,3,2,1
1743705477045706,72,5,3,0,4,0,4,0,4,4,2,0
1743705477059915,68,4,4,1,3,0,1,1,3,3,9,0
1743705477074683,64,2,3,3,2,0,3,2,0,1,0,4
1743705477086853,64,1,1,2,2,2,3,4,0,1,3,2
1743705477098918,62,0,2,3,9,5,4,3,3,1,1,1
1743705477111014,57,1,3,4,0,3,2,4,2,0,4,3
1743705477124024,57,0,3,1,3,0,0,0,4,3,2,1
1743705477135628,59,0,2,0,3,2,0,3,2,3,3,0
1743705477147801,52,0,4,2,1,4,20,4,2,2,3,1
1743705477159898,51,3,0,2,0,2,0,3,0,0,5,2
1743705477173200,46,3,3,5,3,5,1,1,4,2,3,5
1743705477187608,45,4,0,3,5,1,2,5,4,16,4,3
1743705477201188,50,0,0,0,0,3,3,0,1,2,2,0
1743705477213403,47,0,0,4,2,0,3,0,2,4,4,4
1743705477226192,47,2,0,4,2,1,4,0,6,3,0,1
1743705477238499,40,4,3,0,2,0,1,0,1,0,3,0
1743705477252101,43,0,1,3,2,2,18,3,3,3,0,4
1743705477264683,42,2,3,3,2,3,6,0,4,2,1,0
1743705477276642,40,4,2,2,4,6,0,5,2,3,4,0
1743705477289642,35,4,17,0,4,2,1,4,2,0,1,4
1743705477302787,35,4,2,3,2,1,1,0,4,4,0,3
1743705477314625,32,2,0,2,1,4,1,0,4,1,9,3
1743705477327587,28,0,2,2,2,1,1,0,3,3,1,4
1743705477339849,40,5,2,0,1,3,0,1,2,0,3,2
1743705477352038,23,3,3,0,2,1,2,0,6,2,0,18
1743705477364228,25,0,0,3,0,0,1,1,2,0,3,5
1743705477376180,20,0,4,3,2,4,4,4,3,4,3,6
1743705477388182,23,0,4,7,3,2,0,3,2,0,4,0
1743705477400449,17,3,0,4,0,3,4,0,2,0,5,0
1743705477411865,22,4,3,4,4,3,4,0,4,3,0,3
1743705477423543,18,4,2,2,1,0,3,0,0,3,11,4
1743705477437274,9,5,2,4,2,0,3,0,3,1,3,0
1743705477448908,6,4,3,1,3,2,3,4,1,0,4,5
1743705477461718,9,0,2,4,1,0,3,4,1,5,4,0
1743705477472700,11,1,1,3,3,4,4,3,0,4,4,3
1743705477484977,7,0,4,8,5,1,0,3,7,2,3,7
1743705477496787,7,4,2,4,1,2,0,4,3,3,1,3
1743705477509978,9,3,2,12,0,1,2,2,2,0,1,0
1743705477520931,5,0,3,2,2,0,3,3,5,2,2,5
1743705477533100,9,2,4,3,6,4,4,0,2,18,4,3
1743705477544901,15,4,2,0,1,3,1,1,0,3,3,4
1743705477557062,5,4,2,4,0,2,1,3,1,0,3,2
1743705477568913,6,0,3,5,5,1,4,1,0,4,3,2
1743705477580573,8,4,3,0,3,3,4,4,3,0,0,2
1743705477593021,6,0,0,4,3,0,3,6,0,0,4,16
1743705477605319,8,2,0,4,3,0,4,3,0,4,3,1
1743705477617278,4,4,2,2,0,4,2,3,4,2,3,5
1743705477630420,7,4,0,0,4,3,3,0,4,3,0,4
1743705477642892,7,3,4,4,3,0,1,0,4,2,0,2
1743705477655978,9,5,6,3,3,5,1,4,3,6,2,4
1743705477668213,9,2,0,4,2,1,1,5,3,1,1,19
1743705477679966,6,1,17,2,3,3,4,13,0,1,3,0
1743705477692271,7,4,0,4,4,2,3,4,0,4,2,5
1743705477703872,5,0,4,2,0,3,3,0,4,3,3,4
1743705477716117,4,4,4,0,2,2,1,3,3,2,0,1
1743705477728059,8,3,4,2,0,4,3,1,4,1,4,0
1743705477741253,6,3,7,4,2,0,3,1,5,4,3,0
1743705477753002,10,3,4,4,2,3,3,2,0,1,0,1
1743705477765245,8,2,5,3,4,0,2,5,1,0,3,0
1743705477776541,9,3,0,4,1,3,0,3,4,0,1,5
1743705477789286,9,3,0,4,1,3,0,2,1,2,0,1
1743705477800659,8,3,3,4,8,0,4,2,0,0,0,4
1743705477812766,9,3,2,3,0,6,17,4,19,4,2,4
1743705477824763,7,4,3,0,2,0,3,4,5,0,4,0
1743705477836243,12,3,3,4,3,1,4,2,18,0,0,3
1743705477848494,6,4,1,4,4,3,4,0,3,2,0,0
1743705477860893,8,4,3,1,3,5,2,1,4,2,1,0
1743705477872918,8,3,0,2,3,1,0,4,0,3,2,3
1743705477884070,6,0,0,4,3,3,0,2,3,3,1,0
1743705477896860,4,2,2,3,0,3,0,4,0,2,1,2
1743705477908627,7,4,0,2,0,0,1,2,3,4,2,4
1743705477919863,7,0,2,0,4,1,3,6,4,3,0,0
1743705477931606,8,0,4,4,0,3,3,5,3,2,2,0
1743705477943095,8,0,2,0,4,0,2,0,0,3,1,4
1743705477955449,9,2,3,0,0,1,2,2,1,1,4,1
1743705477967252,6,9,5,4,0,4,0,3,2,1,2,0
1743705477980234,7,3,0,4,2,4,16,3,3,3,0,5
1743705477992334,7,4,3,0,2,0,4,2,10,0,2,2
1743705478003819,11,4,5,3,0,5,2,4,2,1,5,2
1743705478016152,9,4,3,4,3,0,4,11,1,3,3,1
1743705478028658,8,0,2,0,3,0,15,2,3,1,4,3
1743705478041907,8,0,2,4,2,0,3,0,0,4,3,3
1743705478053543,1,2,0,2,2,4,0,1,3,4,0,2
1743705478066311,6,0,4,4,0,4,2,3,1,1,2,0
1743705478077708,7,0,3,3,1,4,3,3,1,1,1,2
1743705478090776,9,0,3,3,0,4,4,3,0,3,3,3
1743705478102538,3,4,0,1,5,4,6,2,0,0,2,4
1743705478115049,8,1,1,0,1,2,3,0,2,0,4,2
1743705478127280,7,4,3,4,3,2,0,4,5,2,5,2
1743705478140283,8,2,1,4,3,1,3,4,3,0,5,3
1743705478155120,9,2,16,0,13,1,9,3,2,1,5,3
1743705478167093,5,4,3,0,0,3,0,19,0,4,2,0
1743705478180734,4,2,3,4,1,0,4,0,0,0,0,0
1743705478191909,7,5,2,2,2,5,1,0,2,1,5,2
1743705478204596,9,0,4,3,0,3,1,0,0,3,3,4
1743705478216195,6,4,4,2,3,0,2,0,0,3,4,2
1743705478228039,3,4,4,0,4,3,0,3,2,0,3,6
1743705478240841,6,5,2,0,3,3,0,2,4,0,4,20
1743705478252608,10,3,0,0,2,3,2,3,3,2,0,3
1743705478265128,16,0,4,2,19,5,2,0,0,0,2,1
1743705478276254,5,5,4,3,4,3,0,2,2,0,1,0
1743705478288396,5,1,2,0,0,1,2,1,3,0,0,0
1743705478300711,9,0,0,2,0,0,0,2,0,3,8,2
1743705478312987,13,5,4,3,2,0,5,0,0,4,1,0
1743705478324988,7,2,0,2,6,1,0,4,3,0,4,6
1743705478336946,7,0,1,2,2,0,2,2,0,2,4,3
1743705478349012,9,2,3,0,3,1,4,0,3,0,3,0
1743705478361199,9,2,0,1,0,1,0,4,0,3,0,1
1743705478372751,7,3,1,0,0,5,3,3,2,3,0,4
1743705478384602,7,3,4,3,0,4,15,2,16,0,4,4
1743705478395971,6,5,2,1,3,2,2,9,2,0,5,5
1743705478408881,7,5,3,16,0,4,3,4,2,4,2,0
1743705478421004,7,3,3,3,6,5,2,1,0,0,4,1
1743705478433442,8,3,3,4,3,2,0,1,5,2,1,3
1743705478444711,8,16,0,0,11,15,4,3,7,0,0,2
1743705478456441,11,4,2,2,3,0,3,0,20,5,0,3
1743705478468569,11,4,4,3,4,2,1,4,4,4,4,4
1743705478480344,10,10,0,4,0,2,2,9,3,5,0,0
1743705478492769,6,0,0,0,3,0,5,22,0,3,0,4
1743705478504766,3,3,3,0,1,0,2,1,4,11,2,5
1743705478516790,7,4,3,9,4,1,4,1,3,3,0,2
1743705478529247,11,0,4,4,1,2,0,4,0,3,1,3
1743705478542266,7,2,4,2,3,3,13,3,2,5,4,14
1743705478554205,20,0,3,4,2,3,2,3,3,2,2,3
1743705478566030,20,4,3,1,2,0,3,3,3,5,2,3
1743705478578349,24,17,6,3,2,3,6,2,2,0,3,5
1743705478590539,28,4,14,0,3,2,2,0,2,3,3,4
1743705478602717,30,3,0,5,7,5,0,1,2,3,3,0
1743705478614902,32,4,3,3,0,8,4,0,6,2,9,3
1743705478627584,41,0,0,0,2,0,4,0,3,1,2,5
1743705478639499,45,2,3,2,0,4,4,0,3,0,4,2
1743705478651839,47,2,1,2,3,5,2,0,0,0,3,2
1743705478663510,57,1,3,4,3,0,0,5,3,1,0,2
1743705478676020,55,0,3,2,6,3,1,0,1,4,2,3
1743705478687847,56,2,2,3,3,13,3,0,4,0,3,3
1743705478699650,60,1,0,4,4,3,5,0,2,13,0,4
1743705478711759,69,1,4,5,4,0,4,4,1,1,0,1
1743705478723432,72,4,1,0,0,0,0,3,0,16,4,0
1743705478736667,73,2,3,2,4,2,0,0,1,5,0,3
1743705478748277,88,3,16,1,0,3,14,4,4,1,14,3
1743705478760686,91,0,4,2,2,0,0,4,2,3,0,3
1743705478773875,93,0,2,3,17,4,2,2,4,0,2,3
1743705478786429,97,2,0,2,5,0,3,2,2,4,0,3
1743705478797745,103,0,0,1,8,0,3,0,3,2,9,3
1743705478810683,109,4,3,4,2,4,1,2,0,5,5,4
1743705478822758,112,0,3,8,3,0,0,1,3,3,1,2
1743705478834991,116,4,1,2,2,4,0,1,5,4,1,3
1743705478846938,121,2,0,4,1,17,0,4,1,0,3,0
1743705478858746,123,4,2,3,4,1,1,3,2,0,2,3
1743705478870833,125,3,5,1,4,2,3,0,2,4,4,0
1743705478882633,123,4,2,2,2,4,4,0,3,2,0,0
1743705478895240,131,1,0,4,2,0,2,3,4,3,1,2
1743705478908412,130,2,0,0,3,2,0,2,4,3,3,0
1743705478919629,131,4,3,3,3,4,20,4,4,2,0,4
1743705478931877,132,3,4,3,3,3,2,0,0,1,4,0
1743705478944586,138,2,5,1,2,3,2,9,2,3,4,5
1743705478955820,141,0,0,5,3,0,1,7,4,3,0,0
1743705478968970,145,0,2,2,0,0,3,3,0,2,19,5
1743705478980758,146,3,5,4,6,3,0,4,2,0,3,0
1743705478992698,147,4,3,3,7,4,2,4,4,1,4,1
1743705479005838,149,5,4,2,2,3,0,3,3,0,3,1
1743705479017676,151,3,0,0,2,1,2,5,3,0,1,1
1743705479029478,147,2,3,2,2,2,4,5,4,2,0,2
1743705479042110,152,0,2,0,4,2,2,1,3,2,4,0
1743705479054830,156,2,3,3,0,0,0,2,1,4,3,3
1743705479067905,160,2,2,0,0,2,1,3,4,0,2,3
1743705479079147,159,0,4,0,0,4,1,4,3,0,1,0
1743705479092088,161,3,7,3,2,1,2,3,5,5,0,3
1743705479103668,161,4,2,2,0,3,3,4,2,0,5,0
1743705479115240,165,0,0,3,4,3,0,2,4,0,1,1
1743705479126650,163,3,2,0,0,0,3,0,0,3,1,2
1743705479139493,165,4,4,3,3,3,4,19,5,2,10,3
1743705479151209,165,2,3,4,1,0,2,3,1,0,1,3
1743705479163744,169,0,3,2,4,0,2,0,0,5,2,0
1743705479175363,172,3,3,4,0,3,3,0,0,2,2,0
1743705479186663,174,3,0,1,4,3,6,4,7,3,3,0
1743705479199075,175,1,2,4,4,0,3,0,0,0,0,4
1743705479211279,177,2,4,3,3,0,3,1,0,1,6,1
1743705479224225,181,2,7,3,3,1,2,2,2,0,4,0
1743705479236190,181,3,5,0,3,6,3,2,2,0,0,0
1743705479247395,188,4,4,5,0,3,4,4,3,4,4,0
1743705479259820,188,4,2,0,3,3,0,3,5,2,3,4
1743705479271723,194,3,3,2,0,4,3,6,4,2,4,3
1743705479284034,196,0,2,0,4,3,0,0,4,2,0,6
1743705479295949,201,0,4,3,0,4,3,4,3,3,4,1
1743705479308132,204,3,6,3,4,5,5,4,2,3,4,0
1743705479320209,204,2,2,3,3,0,6,2,3,2,0,0
1743705479333012,206,0,4,9,0,3,0,5,1,2,0,0
1743705479344548,202,2,5,3,0,2,4,4,2,3,2,1
1743705479356469,200,2,4,0,4,4,1,2,0,0,0,1
1743705479368993,205,2,0,0,3,2,1,5,4,5,0,2
1743705479380911,205,2,1,2,4,3,0,0,3,4,3,4
1743705479393628,202,2,2,4,0,5,1,2,0,3,3,0
1743705479405884,207,3,4,0,4,2,3,1,5,2,0,3
1743705479417946,204,2,16,3,4,0,3,1,8,2,1,3
1743705479430166,211,2,5,3,2,0,3,0,3,1,0,1
1743705479442322,211,2,0,3,0,4,3,2,4,0,3,3
1743705479453767,210,6,4,3,2,3,0,3,2,2,1,0
1743705479466016,210,5,4,1,4,2,2,4,0,2,21,4
1743705479478208,216,4,4,15,6,3,2,3,0,4,0,4
1743705479490897,215,0,0,4,2,4,4,3,3,0,0,2
1743705479501868,221,2,14,4,4,2,2,0,0,0,0,1
1743705479514227,222,3,1,3,4,3,4,0,4,2,3,0
1743705479526138,224,4,4,2,0,5,1,1,1,1,3,3
1743705479538176,228,3,0,20,0,4,0,1,4,1,5,2
1743705479551286,225,0,1,4,3,3,0,3,3,2,10,0
1743705479563900,229,0,3,0,4,3,2,3,1,3,1,0
1743705479575186,227,3,2,2,3,2,3,0,2,0,4,3
1743705479587343,231,4,1,4,4,3,6,2,0,3,3,1
1743705479600033,231,2,2,4,15,1,5,2,3,14,3,3
1743705479612450,232,4,1,1,0,2,0,4,2,0,2,2
1743705479623962,233,2,2,2,2,0,2,6,4,3,4,0
1743705479635707,232,1,1,4,3,0,4,0,0,5,3,0
1743705479648018,231,0,4,3,2,4,3,2,4,1,2,3
1743705479660475,231,4,4,3,2,0,3,0,6,3,4,1
1743705479672004,231,1,4,1,0,2,4,2,1,3,4,1
1743705479684171,228,4,2,0,2,1,2,5,2,0,3,3
1743705479696236,235,1,1,3,4,3,3,3,1,14,2,0
1743705479708627,233,0,3,2,0,3,2,2,1,4,1,1
1743705479719751,237,3,4,0,3,1,5,3,7,4,2,4
1743705479733991,233,2,3,0,11,6,2,2,2,4,2,3
1743705479745606,235,4,4,0,0,4,3,0,3,0,1,4
1743705479757716,238,4,2,3,3,2,1,4,5,3,0,4
1743705479770078,235,4,3,2,3,0,1,1,8,4,3,0
1743705479783563,233,3,1,2,3,5,2,2,3,0,3,3
1743705479795639,239,5,6,2,3,21,5,4,0,2,3,0
1743705479809764,233,3,3,3,1,0,4,0,0,0,4,2
1743705479822679,231,3,3,0,0,4,3,0,3,0,0,3
1743705479835145,228,4,3,3,4,1,3,2,2,2,0,3
1743705479847138,224,2,2,3,2,5,3,1,4,2,1,1
1743705479859576,223,1,1,0,0,5,3,3,4,4,0,3
1743705479874241,218,6,6,0,0,3,0,3,3,3,3,1
1743705479886236,215,3,2,5,0,0,2,7,2,3,3,0
1743705479898720,218,3,2,0,0,3,2,2,3,0,10,3
1743705479910848,217,4,3,0,4,2,3,4,0,4,4,2
1743705479923092,218,2,4,1,3,8,2,4,5,3,3,0
1743705479934518,219,2,2,3,2,5,3,3,0,0,4,8
1743705479947212,221,3,4,1,7,0,2,4,7,0,0,4
1743705479959426,220,0,0,5,4,0,0,0,2,3,3,0
1743705479970708,217,0,2,4,1,0,4,3,2,2,2,0
1743705479983804,216,3,3,1,5,4,4,2,0,0,4,0
1743705479995532,208,3,4,2,3,3,2,1,3,0,2,2
1743705480007078,210,2,0,5,4,0,0,0,0,2,2,4
1743705480019121,207,2,3,1,3,0,5,2,3,0,1,4
1743705480032371,203,2,0,4,0,2,3,3,2,5,2,0
1743705480043628,194,4,2,3,0,5,1,4,2,4,1,2
1743705480058740,191,0,3,2,0,1,1,3,0,4,2,2
1743705480071956,185,4,1,2,1,1,1,0,1,4,1,0
1743705480084470,182,4,3,0,4,3,4,12,0,4,3,0
1743705480097840,179,2,3,3,0,4,3,0,0,1,0,4
1743705480108895,177,3,1,2,2,2,0,2,6,1,2,1
1743705480122368,176,1,4,2,2,6,5,4,4,2,4,0
1743705480135284,172,3,3,4,3,0,1,1,3,3,0,0
1743705480149623,174,3,3,0,3,3,5,1,17,0,2,6
1743705480161487,166,4,1,0,4,3,0,1,0,1,1,4
1743705480174896,162,0,4,3,3,0,2,4,0,2,0,1
1743705480186047,162,2,2,1,0,1,18,2,0,5,2,2
1743705480199964,157,3,1,0,4,2,1,3,0,2,0,3
1743705480211637,156,4,2,0,3,1,2,0,1,0,3,2
1743705480225075,149,8,0,4,3,0,4,3,1,0,2,3
1743705480238246,148,2,0,4,2,0,4,3,0,3,2,0
1743705480252531,143,3,3,0,0,4,1,0,3,4,2,0
1743705480265872,144,0,5,0,3,2,5,3,2,3,0,4
1743705480276914,137,2,0,4,1,4,7,2,2,3,3,4
1743705480291085,136,3,0,3,2,0,2,1,2,8,0,4
1743705480302553,133,2,4,3,0,4,4,2,5,4,1,2
1743705480314700,128,2,3,2,2,0,4,2,3,0,2,5
1743705480326359,125,3,3,3,2,5,5,5,4,2,4,2
1743705480338355,121,2,4,2,1,0,5,3,3,9,1,16
1743705480351206,121,2,3,1,20,2,0,4,4,4,4,0
1743705480363712,122,0,2,4,0,0,2,0,3,0,2,4
1743705480375752,121,3,0,5,0,3,4,0,0,3,3,0
1743705480387246,115,0,0,4,4,3,2,0,0,1,3,0
1743705480399248,116,0,1,1,13,1,3,3,5,2,6,2
1743705480411412,115,2,3,1,0,3,2,0,0,7,4,1
1743705480422794,114,0,0,1,2,1,4,2,0,3,0,4
1743705480435258,108,1,0,0,3,3,4,1,3,2,1,2
1743705480447941,110,1,3,0,5,0,4,0,3,4,4,2
1743705480458788,106,3,0,4,3,0,1,0,4,2,0,1
1743705480471150,107,2,1,4,3,0,1,0,2,0,5,0
1743705480483763,107,0,1,0,4,2,4,4,2,4,3,4
1743705480495898,103,4,4,0,5,2,0,4,3,4,1,2
1743705480507577,105,2,1,2,0,5,0,5,4,3,3,0
1743705480519916,101,6,4,0,3,0,5,2,3,0,3,0
1743705480531544,104,3,4,1,4,4,2,3,3,0,2,1
1743705480543871,99,4,1,0,4,1,0,4,1,16,1,4
1743705480555220,97,2,3,4,1,3,0,0,5,3,3,0
1743705480567548,99,3,0,2,3,4,0,0,4,3,4,5
1743705480579338,97,3,2,0,0,0,2,4,2,15,4,6
1743705480592351,98,3,4,4,4,3,2,4,3,0,2,6
1743705480603771,103,1,0,2,3,4,4,3,3,0,3,1
1743705480615012,87,0,3,0,3,3,0,4,3,7,1,4
1743705480627382,87,4,3,0,3,2,2,1,0,1,4,3
1743705480639392,83,3,0,3,3,3,0,0,4,2,1,0
1743705480651829,80,2,1,1,4,1,3,2,2,0,4,3
1743705480664205,74,4,3,4,4,14,3,2,1,5,0,3
1743705480675911,73,3,16,0,3,4,0,0,4,1,1,0
1743705480687386,69,0,0,3,3,0,2,2,2,0,2,4
1743705480698832,66,3,4,2,3,0,0,3,0,1,4,2
1743705480711023,62,0,2,3,0,4,0,4,2,2,1,2
1743705480722677,60,0,1,1,0,3,1,6,4,3,0,2
1743705480735305,56,0,1,2,5,3,0,3,2,0,0,3
1743705480747067,60,0,4,4,3,0,1,2,2,3,0,4
1743705480758868,54,4,2,5,3,2,3,3,2,0,6,3
1743705480771211,51,4,4,4,0,1,6,3,1,1,0,0
1743705480782666,54,3,0,0,3,4,0,4,4,2,7,0
1743705480794922,53,6,6,2,4,1,2,1,4,4,2,0
1743705480807915,50,7,2,14,4,0,4,2,4,6,6,1
1743705480819914,54,0,0,4,0,4,1,0,4,21,3,2
1743705480831596,47,4,5,20,3,9,4,0,0,4,5,0
1743705480844244,48,5,1,3,1,0,4,2,3,3,0,4
1743705480855986,47,0,4,3,0,3,3,1,15,4,2,0
1743705480867819,44,4,4,3,0,4,2,3,1,2,6,3
1743705480879326,38,3,2,1,0,2,0,4,2,3,3,3
1743705480892496,39,3,3,4,3,3,0,3,2,4,3,0
1743705480905509,37,17,0,2,0,4,2,0,5,9,1,2
1743705480917582,42,5,2,0,5,0,2,1,1,3,0,4
1743705480929558,41,4,4,3,2,1,3,0,4,0,4,0
1743705480942277,37,1,3,2,0,4,1,1,4,2,0,4
1743705480954795,35,0,0,3,4,0,2,1,2,0,4,1
1743705480967220,37,1,1,4,0,4,2,4,4,4,1,0
1743705480978569,31,4,3,4,0,0,1,5,1,3,0,4
1743705480990522,32,0,2,4,2,4,7,2,0,0,2,5
1743705481002886,28,3,2,3,7,6,3,3,0,3,3,0
1743705481015520,34,0,2,4,0,0,4,13,0,4,4,0
1743705481027963,29,0,3,2,0,0,3,0,4,1,3,2
1743705481039862,31,1,4,2,0,3,4,5,1,2,0,0
1743705481052251,29,3,5,4,3,2,0,3,4,0,0,3
1743705481064299,30,3,1,3,4,2,0,2,4,3,1,0
1743705481076739,29,4,3,3,4,3,0,4,3,2,5,3
1743705481089030,22,8,5,5,14,2,4,4,2,0,2,3
1743705481101018,25,0,1,4,1,3,0,1,4,2,0,2
1743705481113021,23,3,2,0,0,3,0,0,3,0,4,7
1743705481126002,17,4,2,2,4,3,2,0,3,1,2,4
1743705481137359,17,0,4,1,0,3,3,2,2,3,4,2
1743705481150086,15,5,0,2,0,4,2,0,0,4,0,4
1743705481161331,9,9,2,2,3,1,1,4,3,4,4,1
1743705481173861,13,6,3,5,6,4,3,3,3,0,22,4
1743705481186232,5,0,4,0,4,3,1,3,0,3,1,4
1743705481198458,10,3,2,0,0,4,3,3,4,5,0,4
1743705481209992,10,2,3,0,0,4,4,2,0,5,3,0
1743705481222018,10,0,3,4,2,3,5,4,3,3,3,2
1743705481234670,8,6,2,0,0,3,2,0,4,3,0,3
1743705481247091,8,8,4,2,0,3,1,1,3,5,2,0
1743705481258309,9,3,0,0,2,0,2,0,2,4,5,4
1743705481271762,6,3,1,1,3,4,3,0,1,3,0,2
1743705481284081,6,3,1,0,4,3,0,4,4,1,0,0
1743705481296177,9,5,0,6,4,11,6,2,2,14,0,3
1743705481307179,5,7,2,4,3,2,0,2,2,0,4,0
1743705481319444,6,4,3,2,2,4,1,0,3,3,4,4
1743705481331885,6,1,3,3,7,5,3,2,2,4,0,3
1743705481343904,5,1,1,4,3,0,3,0,0,4,4,2
1743705481355888,10,3,3,2,0,0,3,0,5,3,2,3
1743705481367381,9,2,0,0,3,2,3,4,3,0,4,3
1743705481380347,9,1,3,0,2,2,1,1,1,2,3,7
1743705481391721,8,1,5,3,3,2,2,0,4,2,3,0
1743705481403544,7,0,3,1,0,1,2,6,2,0,0,3
1743705481415735,10,6,2,0,3,3,3,0,4,3,0,2
1743705481428183,22,4,4,2,0,0,3,0,4,3,1,4
1743705481440477,9,2,2,0,3,1,3,2,2,0,1,4
1743705481452852,8,0,13,4,3,2,5,0,0,3,3,3
1743705481464464,21,1,4,0,0,0,1,0,1,3,3,3
1743705481477337,4,3,1,2,5,2,0,1,4,1,3,4
1743705481490014,5,4,2,0,3,0,3,0,0,2,0,4
1743705481502771,7,6,2,3,4,2,4,3,0,4,0,3
1743705481515729,8,4,3,4,3,4,15,4,4,3,1,3
1743705481527452,8,19,1,4,2,0,2,3,2,2,1,0
1743705481541847,6,2,0,0,3,2,0,4,5,4,3,3
1743705481553219,9,1,3,0,1,3,1,1,4,5,3,0
1743705481566585,7,12,4,3,1,0,3,3,10,4,3,15
1743705481578618,4,3,0,0,2,0,0,1,3,0,6,4
1743705481592221,9,3,4,0,4,3,3,0,0,5,0,0
1743705481605429,10,2,0,2,1,3,5,0,2,1,2,1
1743705481617164,8,3,10,3,3,2,0,4,3,1,4,1
1743705481629809,8,0,2,0,4,4,5,0,4,4,3,1
1743705481641999,5,4,0,2,1,3,1,2,4,0,3,2
1743705481656018,7,4,4,5,0,4,2,3,3,3,2,3
1743705481669883,8,1,4,3,2,3,0,0,2,3,2,0
1743705481681759,5,4,4,5,2,6,2,3,4,4,2,3
1743705481693945,5,0,0,1,0,2,0,0,1,6,2,1
1743705481707710,8,0,0,4,5,3,0,2,3,0,4,3
1743705481719651,9,8,0,3,3,4,0,0,3,1,4,3
1743705481731567,8,4,3,3,6,0,4,3,0,4,22,5
1743705481744419,2,0,2,4,3,3,2,2,3,0,2,0
1743705481755707,9,4,0,4,3,1,4,3,0,0,4,0
1743705481769234,8,5,3,1,1,4,3,4,3,0,3,4
1743705481781212,8,0,3,3,0,4,0,3,0,4,3,0
1743705481794175,7,3,3,3,3,3,2,3,0,3,0,3
1743705481805873,5,2,0,4,0,4,2,2,3,0,4,0
1743705481818076,7,1,4,3,1,0,3,0,2,0,3,1
1743705481830080,5,5,4,2,1,0,1,0,3,3,0,3
1743705481842360,7,0,0,3,2,4,0,3,4,3,0,4
1743705481854998,9,4,4,0,0,4,3,0,15,4,3,0
1743705481866969,10,2,3,1,1,4,3,0,4,2,2,4
1743705481879747,7,5,5,3,18,1,6,0,1,2,1,2
1743705481891490,8,4,7,3,4,2,0,3,2,3,16,0
1743705481903403,9,2,2,4,5,0,0,0,4,5,2,4
1743705481915233,8,0,2,0,3,0,1,2,2,0,2,2
1743705481927052,7,3,1,3,2,0,3,0,2,0,2,2
1743705481939319,9,1,5,8,1,3,3,0,1,0,4,1
1743705481951699,9,2,2,4,1,0,4,0,4,16,2,0
1743705481963112,11,4,4,3,4,0,3,3,0,4,3,3
1743705481975415,5,0,2,1,0,2,5,3,11,1,1,2
1743705481987792,6,5,3,4,18,0,3,0,3,2,0,4
1743705481999856,8,0,0,2,3,0,3,4,2,0,6,3
1743705482012266,5,5,3,5,0,0,3,1,3,6,5,0
1743705482024868,9,1,4,2,0,5,3,4,4,6,2,0
1743705482036761,4,2,5,0,5,0,4,3,0,1,4,2
1743705482049213,4,2,2,16,0,4,3,5,4,2,1,3
1743705482061668,5,4,1,0,4,2,4,4,5,2,0,3
1743705482073285,5,0,2,5,4,4,16,4,2,4,2,5
1743705482085812,7,3,8,2,0,1,4,4,4,0,4,3
1743705482099587,6,3,0,0,3,0,2,2,3,0,5,2
1743705482112063,8,0,3,4,4,0,2,1,4,0,1,4
1743705482124524,5,0,3,1,4,5,2,3,0,4,1,3
1743705482138713,9,1,6,3,2,0,2,1,1,3,3,0
1743705482152081,7,1,1,0,3,0,0,0,0,3,3,4
1743705482164389,16,2,2,0,4,2,4,3,2,3,0,2
1743705482176393,19,2,5,3,6,5,0,3,2,4,2,1
1743705482188611,22,3,0,2,4,5,3,2,0,3,1,2
1743705482202825,21,3,4,5,3,3,3,0,4,0,4,0
1743705482216552,18,2,0,4,4,6,4,4,1,2,0,2
1743705482227923,24,6,2,4,3,2,1,4,2,2,1,3
1743705482242291,35,0,3,3,1,3,16,4,2,0,3,2
1743705482255425,40,2,0,3,4,8,4,3,1,5,2,0
1743705482267599,40,4,3,0,4,4,0,1,15,0,4,3
1743705482278556,48,1,0,1,4,3,4,0,4,2,3,2
1743705482292911,50,2,2,6,0,0,2,3,5,0,0,1
1743705482305584,57,4,3,10,2,3,2,4,2,4,14,2
1743705482317578,62,3,4,2,3,4,3,0,4,2,0,3
1743705482329341,65,2,3,0,4,3,7,1,3,0,2,0
1743705482350288,69,0,0,2,3,4,2,2,1,1,2,2
1743705482353290,70,1,3,3,4,3,3,18,0,1,2,3
1743705482364688,76,9,0,4,0,4,0,0,4,0,4,0
1743705482377628,84,0,3,0,0,4,3,13,5,4,4,3
1743705482388522,85,2,3,2,4,0,4,2,3,3,4,0
1743705482401557,91,0,1,1,4,3,3,0,5,0,3,1
1743705482413112,95,3,0,1,0,1,3,3,3,7,3,0
1743705482425587,98,3,0,4,3,3,3,2,0,3,2,4
1743705482438968,102,0,4,2,1,3,3,1,0,5,4,3
1743705482451943,103,4,2,2,3,0,2,1,0,2,2,3
1743705482465939,108,0,1,1,2,0,5,2,0,4,5,4
1743705482478940,107,3,0,4,2,0,3,3,0,2,2,15
1743705482490679,113,2,3,2,7,6,4,0,4,3,0,3
1743705482502746,119,4,0,2,1,0,3,3,1,0,5,1
1743705482514827,131,3,5,3,0,2,0,2,3,4,3,3
1743705482526178,123,0,3,2,0,2,4,4,5,4,1,3
1743705482540189,126,8,4,3,0,2,7,3,1,0,2,0
1743705482553364,129,2,3,0,5,3,3,3,12,13,4,0
1743705482565958,131,4,3,0,2,4,4,3,0,2,0,3
1743705482577468,132,3,4,3,3,4,3,2,3,3,0,3
1743705482589935,140,4,0,3,2,4,3,2,0,4,5,4
1743705482603682,141,1,4,3,0,2,0,2,6,4,2,4
1743705482614774,152,4,2,1,0,0,1,1,6,2,2,2
1743705482626967,150,0,4,4,1,3,3,3,2,0,4,0
1743705482640215,157,3,2,4,1,1,3,4,3,0,0,1
1743705482652310,160,2,4,4,0,4,1,4,4,0,2,3
1743705482663717,162,4,4,4,0,4,3,4,3,3,2,3
1743705482676974,165,0,2,0,4,3,8,3,6,0,1,17
1743705482689699,164,0,1,2,1,4,2,0,14,5,3,1
1743705482701835,164,3,3,5,4,1,3,2,0,1,0,2
1743705482714120,170,0,2,3,0,2,0,2,2,4,3,4
1743705482727097,173,2,3,4,2,1,0,3,3,1,2,3
1743705482739763,174,2,0,4,3,4,5,4,5,1,3,0
1743705482752109,178,3,2,0,4,3,3,0,3,2,3,5
1743705482764196,176,0,4,3,1,2,0,0,4,1,8,3
1743705482776432,179,2,3,1,3,3,4,2,3,0,3,2
1743705482788750,175,1,0,2,4,3,3,3,0,2,13,2
1743705482801274,176,4,2,2,0,3,2,1,3,0,3,2
1743705482813496,180,3,1,1,0,3,3,13,3,2,2,2
1743705482825896,180,1,0,2,6,4,1,0,3,1,0,3
1743705482837409,183,2,3,0,4,0,3,2,0,1,0,3
1743705482849700,184,3,3,4,0,0,4,2,1,2,2,3
1743705482862043,187,4,1,3,0,2,3,1,3,4,5,1
1743705482874001,183,4,4,6,7,4,2,1,0,1,0,4
1743705482887308,187,2,0,0,4,3,2,1,2,0,3,0
1743705482899400,196,2,2,4,2,0,1,5,2,0,4,20
1743705482910253,198,2,2,1,7,4,2,4,4,0,4,3
1743705482924201,189,1,2,3,3,0,4,0,3,1,1,2
1743705482936166,201,6,0,15,1,0,2,0,0,4,4,2
1743705482947707,208,3,2,0,4,3,4,0,1,4,4,4
1743705482960753,211,2,0,2,2,4,1,0,2,2,1,1
1743705482972138,211,0,1,6,0,1,0,3,0,1,2,4
1743705482985167,207,0,0,3,18,0,3,2,3,3,16,2
1743705482997233,215,1,0,4,1,5,2,0,3,3,0,2
1743705483008882,210,3,4,4,0,3,2,0,0,4,4,0
1743705483021614,213,3,0,0,4,3,5,3,1,0,3,0
1743705483034219,209,0,0,3,3,2,4,3,2,0,0,3
1743705483045400,211,9,0,4,4,4,3,2,3,2,0,2
1743705483059145,228,0,0,3,4,2,2,3,3,0,5,0
1743705483070731,212,0,3,3,1,2,0,4,3,0,3,0
1743705483082710,212,0,3,1,17,4,4,4,13,3,5,3
1743705483095560,217,3,4,0,3,1,0,0,2,8,3,3
1743705483107741,213,5,4,5,3,1,3,0,4,0,4,0
1743705483119737,218,3,2,2,1,15,0,5,0,1,5,4
1743705483131863,218,4,2,0,0,1,5,2,0,3,0,3
1743705483142580,218,0,0,5,1,0,0,3,1,0,2,2
1743705483155581,221,3,0,3,2,0,2,1,3,0,3,3
1743705483167201,223,0,3,2,0,3,1,1,3,1,3,5
1743705483179412,224,3,6,2,2,0,3,0,3,2,0,3
1743705483191473,226,3,0,4,4,2,4,1,2,3,1,1
1743705483203211,227,4,1,7,4,16,0,2,3,0,2,1
1743705483216384,223,4,4,0,4,6,6,2,3,5,3,3
1743705483228617,229,4,0,4,4,2,1,4,3,0,4,1
1743705483240614,230,2,1,3,2,2,17,0,4,2,4,2
1743705483252791,235,0,3,3,3,1,1,17,0,4,6,3
1743705483264538,236,5,4,4,2,2,0,1,0,5,2,4
1743705483277300,229,0,0,5,0,2,1,0,3,4,0,1
1743705483289332,226,10,4,1,2,4,0,4,12,3,1,1
1743705483301557,228,0,5,3,3,2,2,1,3,3,4,3
1743705483313940,229,0,3,0,3,2,6,4,5,3,0,3
1743705483326418,228,3,3,2,2,3,0,3,0,1,4,2
1743705483337976,225,4,2,0,0,1,4,2,3,3,4,1
1743705483350682,228,0,4,2,0,1,3,3,2,0,3,0
1743705483362214,224,4,3,3,3,7,2,0,4,1,3,20
1743705483374189,230,0,3,2,1,3,2,1,3,0,2,0
1743705483387510,232,1,2,3,4,1,3,0,3,0,4,1
1743705483401580,233,2,0,4,1,2,3,4,1,5,3,0
1743705483413878,229,1,1,3,2,0,1,0,3,5,0,0
1743705483425484,225,0,4,0,3,5,2,0,3,3,4,3
1743705483437293,231,2,2,0,4,3,1,3,1,0,2,1
1743705483449614,238,2,0,2,1,4,4,0,0,2,1,2
1743705483461907,228,3,8,5,3,3,4,4,3,3,0,3
1743705483475241,227,0,4,0,1,1,4,3,3,0,2,3
1743705483486694,224,4,4,1,4,3,0,2,2,3,1,3
1743705483499222,222,6,3,3,3,3,5,4,1,0,4,0
1743705483511627,221,1,4,3,3,2,1,3,1,4,5,3
1743705483525107,220,2,0,3,1,2,1,1,21,0,0,3
1743705483537801,217,3,2,4,0,2,0,3,0,2,2,0
1743705483551990,215,4,1,1,6,4,2,2,4,3,20,5
1743705483563511,199,3,2,0,3,3,1,0,3,3,2,0
1743705483576458,207,1,3,3,1,10,0,4,4,2,0,4
1743705483589264,204,0,3,2,3,0,3,0,3,3,5,3
1743705483603861,200,0,4,2,3,0,3,2,0,3,2,0
1743705483617639,193,1,1,1,3,0,1,2,0,2,1,2
1743705483629703,179,1,6,4,4,4,2,1,2,2,3,3
1743705483642597,183,3,5,2,2,1,3,4,10,1,4,0
1743705483656029,180,3,3,3,3,1,0,4,4,2,3,3
1743705483668164,173,1,4,0,4,3,0,2,0,5,4,1
1743705483680188,162,4,2,2,3,3,0,2,0,3,4,0
1743705483692828,160,0,5,3,2,0,0,2,3,3,0,2
1743705483704076,158,1,5,2,5,3,0,2,6,1,4,1
1743705483716724,156,3,4,1,4,4,0,2,3,0,1,0
1743705483729335,159,1,3,3,9,1,1,3,0,3,2,0
1743705483741359,156,3,2,0,3,3,0,4,16,1,2,5
1743705483753997,158,15,0,8,4,2,4,4,3,3,0,3
1743705483766445,159,3,1,3,1,0,4,2,3,14,3,3
1743705483778562,157,3,0,4,4,3,3,3,0,2,2,1
1743705483791115,155,3,3,2,1,4,0,2,3,1,1,4
1743705483801787,152,3,3,2,0,3,4,2,6,3,3,4
1743705483813879,152,17,2,1,5,3,4,0,2,0,2,0
1743705483827067,153,1,3,2,1,4,2,4,1,0,2,4
1743705483839270,150,3,0,4,3,4,3,2,0,4,19,0
1743705483851349,149,3,0,4,1,3,4,2,0,0,8,4
1743705483863464,145,1,0,4,4,2,3,0,2,4,3,1
1743705483875770,142,4,4,2,3,1,5,2,2,3,0,3
1743705483888318,133,0,3,3,0,0,5,0,3,1,4,0
1743705483900478,132,4,0,3,3,3,3,5,5,2,0,3
1743705483912408,131,4,3,3,4,2,0,2,4,0,3,1
1743705483925660,131,3,3,6,2,11,2,4,0,7,3,5
1743705483936864,128,3,1,0,4,3,2,0,4,2,3,3
1743705483949132,141,0,2,0,4,4,4,1,4,1,0,3
1743705483961926,125,7,2,0,3,3,0,3,1,3,2,4
1743705483974303,127,1,18,4,3,0,0,0,2,1,4,4
1743705483985523,120,3,1,3,0,4,0,2,4,3,2,5
1743705483997633,121,0,3,0,2,3,3,0,1,19,4,1
1743705484010097,121,4,4,0,3,4,0,4,0,5,3,4
1743705484021789,113,4,3,0,1,0,4,4,4,0,2,0
1743705484033826,117,0,2,0,3,5,1,0,4,1,1,4
1743705484046199,111,3,1,0,4,2,0,1,8,3,4,5
1743705484058996,114,2,2,3,1,3,3,0,3,0,8,4
1743705484070468,109,3,1,3,1,4,3,2,3,4,3,4
1743705484083991,108,3,2,2,4,3,0,3,0,4,2,0
1743705484095903,109,1,2,0,11,3,2,0,1,3,2,4
1743705484108765,109,6,3,3,0,8,2,2,4,2,1,1
1743705484120792,107,0,0,4,1,2,5,1,1,2,0,2
1743705484132651,104,2,0,1,0,5,2,0,0,3,7,3
1743705484144778,104,3,3,4,0,1,2,0,3,0,0,3
1743705484157015,102,4,4,2,3,2,0,0,1,0,2,0
1743705484169681,96,2,4,2,0,2,0,3,4,0,2,0
1743705484180976,91,3,7,7,4,1,4,5,2,0,2,4
1743705484194228,91,1,3,2,4,2,2,0,3,1,2,4
1743705484206562,85,3,1,3,0,3,3,3,1,0,1,4
1743705484217645,80,0,4,0,0,1,0,0,5,1,1,2
1743705484229781,74,5,0,0,3,4,2,3,4,0,4,0
1743705484242931,79,1,5,1,4,10,4,0,4,2,0,4
1743705484255221,73,2,12,3,4,2,0,2,0,0,0,2
1743705484267565,71,5,3,1,4,1,0,2,3,4,2,0
1743705484280181,64,2,3,0,4,3,0,3,0,4,4,3
1743705484292237,68,4,3,3,4,5,0,4,2,1,4,3
1743705484304234,61,1,1,4,3,2,0,3,0,0,4,3
1743705484316088,59,3,0,3,1,2,2,0,1,0,5,1
1743705484329186,61,19,3,2,2,3,1,0,2,5,3,0
1743705484341004,55,3,2,3,1,4,2,0,1,7,3,1
1743705484353042,57,2,0,0,1,1,3,3,4,0,0,3
1743705484365285,50,3,0,3,1,3,4,4,5,0,4,0
1743705484377298,54,2,4,0,3,1,0,3,3,2,3,0
1743705484389011,52,0,1,0,2,0,2,3,2,4,3,1
1743705484400775,51,2,2,1,0,5,3,4,2,14,3,4
1743705484413186,52,1,4,0,4,4,4,1,1,2,2,3
1743705484425612,49,0,0,4,0,4,2,5,4,0,4,1
1743705484437827,44,0,1,7,0,3,3,1,4,2,3,3
1743705484449416,46,0,2,0,3,4,12,4,4,5,4,3
1743705484461461,41,1,2,3,4,3,0,4,2,15,4,5
1743705484474225,43,0,2,0,2,2,3,4,3,0,5,1
1743705484485997,39,0,0,2,1,4,0,1,1,3,0,4
1743705484497762,38,3,3,4,5,2,3,2,0,3,0,1
1743705484510548,34,6,5,3,4,4,1,0,15,2,3,0
1743705484521728,33,0,1,3,0,3,0,2,0,3,4,1
1743705484534197,33,2,0,2,0,2,0,3,0,4,4,0
1743705484546869,33,3,3,3,2,5,2,1,3,3,4,4
1743705484558756,28,2,0,2,2,5,3,2,4,0,3,2
1743705484570024,31,0,5,2,2,0,0,3,1,3,0,5
1743705484582591,28,0,0,2,0,1,2,1,4,3,2,3
1743705484594866,24,4,2,4,2,0,3,4,3,3,2,2
1743705484606869,25,0,1,0,1,3,6,2,5,4,4,1
1743705484619674,24,4,0,6,4,4,2,3,0,4,0,1
1743705484631693,18,2,4,0,6,1,3,1,0,5,4,1
1743705484643698,18,1,0,3,2,0,4,4,3,3,2,0
1743705484656202,18,3,1,1,1,3,0,7,4,5,2,14
1743705484668106,11,3,3,2,4,4,4,0,3,3,3,4
1743705484679559,10,2,0,3,2,0,3,0,0,5,2,0
1743705484692704,7,4,2,0,1,1,0,1,2,2,4,0
1743705484703831,8,4,0,10,2,3,7,1,3,3,0,4
1743705484716455,6,4,4,3,2,2,0,0,3,0,3,0
1743705484728943,11,2,3,2,0,4,2,0,0,2,2,2
1743705484742188,8,2,3,0,2,0,3,0,1,3,3,3
1743705484753458,9,3,4,2,4,0,4,4,0,0,4,3
1743705484765524,8,5,4,4,0,4,3,4,0,0,0,2
1743705484778555,6,4,3,2,13,3,3,0,3,0,4,0
1743705484790207,5,2,0,3,3,15,2,4,4,0,2,0
1743705484802783,10,3,5,4,2,0,0,5,3,0,3,0
1743705484814207,7,0,4,2,4,14,3,5,3,2,2,2
1743705484826980,10,7,4,0,4,2,2,4,3,4,5,3
1743705484839046,9,2,3,4,1,4,0,1,3,4,4,3
1743705484850250,10,2,1,0,2,0,4,4,4,4,5,0
1743705484862754,5,4,3,2,2,3,0,4,4,1,6,3
1743705484874384,8,3,2,0,0,3,1,3,0,4,3,0
1743705484886284,8,0,5,0,3,2,2,0,21,0,2,0
1743705484898663,5,0,0,3,2,2,2,4,1,2,2,3
1743705484910646,10,3,3,3,2,2,0,3,4,3,3,3
1743705484922743,4,0,3,3,0,4,2,2,2,0,1,2
1743705484935191,8,0,0,5,1,6,5,0,0,4,0,2
1743705484947217,9,3,2,3,3,1,4,3,2,3,3,15
1743705484959581,9,1,4,3,3,3,3,1,0,0,0,6
1743705484971214,8,0,0,5,4,3,0,4,4,3,2,0
1743705484983434,10,6,4,1,0,2,3,4,0,4,4,4
1743705484995572,2,0,2,3,4,4,0,2,0,1,4,0
1743705485007724,8,0,8,4,4,3,4,3,4,0,4,2
1743705485019661,10,3,3,0,4,2,5,4,0,4,4,0
1743705485031101,9,0,4,1,19,5,3,4,4,3,0,5
1743705485043593,7,4,3,3,1,0,0,5,3,9,1,2
1743705485055755,7,3,3,5,4,0,0,3,1,0,3,5
1743705485067759,9,3,3,6,7,2,2,4,4,3,5,2
1743705485079373,11,0,0,0,4,3,2,5,3,3,2,0
1743705485091707,9,0,3,1,1,5,1,18,0,5,2,1
1743705485103434,9,2,1,4,4,0,0,3,3,0,0,4
1743705485115861,21,4,0,0,7,5,3,3,3,3,2,4
1743705485127898,11,5,1,0,3,5,2,0,0,0,0,1
1743705485140095,9,3,0,2,1,2,3,2,0,3,0,1
1743705485153000,10,0,0,2,2,0,0,3,3,0,5,4
1743705485165374,12,5,2,4,2,1,2,4,0,4,0,1
1743705485176165,7,0,4,3,4,0,1,8,3,0,0,3
1743705485189575,9,4,2,3,14,0,0,3,0,4,2,0
1743705485201975,5,1,5,3,4,3,1,3,0,0,0,4
1743705485214097,10,2,2,1,3,0,0,4,2,4,2,0
1743705485226706,9,0,0,0,0,5,4,2,3,3,1,2
1743705485238890,9,2,2,2,2,0,2,2,3,0,4,1
1743705485251714,8,4,4,3,2,2,0,1,2,3,1,3
1743705485264277,9,0,3,3,3,2,2,3,4,3,0,1
1743705485276281,15,1,3,5,4,3,0,1,3,1,10,3
1743705485287873,5,4,3,0,1,3,3,2,3,0,4,4
1743705485299857,5,3,3,3,0,5,2,4,3,1,3,0
1743705485312055,9,0,2,4,4,3,0,2,1,0,3,3
1743705485324563,12,5,4,2,3,10,0,2,4,1,2,2
1743705485337887,9,0,6,4,13,0,1,4,3,0,4,3
1743705485349769,9,1,2,0,3,2,0,2,2,0,0,4
1743705485359722,8,0,4,3,21,2,1,0,4,4,0,3
1743705485371745,5,5,3,3,3,0,4,2,2,4,0,2
1743705485383644,9,3,2,0,4,3,3,3,0,2,2,0
1743705485395028,4,3,0,3,1,0,4,3,1,4,4,8
1743705485406685,7,2,4,3,0,4,1,0,3,2,0,2
1743705485419486,7,5,1,2,3,0,0,3,3,3,1,0
1743705485430814,9,2,2,5,4,0,3,4,2,3,2,2
1743705485443517,7,3,2,4,2,4,1,2,4,0,2,0
1743705485455296,10,3,3,6,0,0,3,4,4,2,3,1
1743705485466631,10,4,0,4,0,8,2,0,4,0,3,4
1743705485478628,8,3,3,0,7,3,0,4,3,0,3,4
1743705485491635,7,5,4,3,2,0,0,2,3,2,0,4
1743705485503637,9,1,4,2,5,0,3,0,0,1,0,4
1743705485514714,8,13,5,4,2,1,2,4,4,0,5,14
1743705485526713,10,3,0,1,3,3,2,0,1,3,2,5
1743705485538713,9,0,3,4,5,1,1,0,4,2,0,3
1743705485549713,19,4,2,0,5,1,1,3,3,0,2,11
1743705485561665,10,1,3,3,0,4,0,6,2,6,3,2
1743705485575575,9,3,0,0,3,1,5,0,2,1,4,3
1743705485589570,7,3,0,3,3,0,2,0,3,2,1,4
1743705485601563,9,4,3,0,3,1,2,0,0,0,4,0
1743705485612666,5,4,0,0,3,0,1,0,3,4,0,3
1743705485625704,6,0,4,0,3,4,1,4,2,1,0,3
1743705485637125,7,4,2,1,4,4,1,2,2,4,1,5
1743705485649202,10,0,4,3,3,3,0,0,3,0,4,3
1743705485661242,10,1,4,1,0,3,1,2,5,5,2,2
1743705485673343,8,4,1,4,5,2,0,2,3,1,4,2
1743705485685478,8,4,3,3,4,2,0,0,3,0,2,0
1743705485697009,8,6,6,1,3,0,2,4,4,4,3,1
1743705485709606,9,0,3,4,0,3,6,4,2,5,4,0
1743705485722902,20,3,2,0,4,0,4,5,1,3,4,2
1743705485735087,5,3,1,0,4,3,2,3,4,0,4,3
1743705485746656,8,3,0,2,2,1,2,0,3,2,0,2
1743705485759524,8,0,0,2,7,2,0,1,1,4,0,2
1743705485771701,10,3,0,3,3,4,0,3,3,0,3,0
1743705485783683,8,2,0,0,0,3,3,3,0,0,3,3
1743705485795163,6,0,0,3,4,3,0,0,2,2,4,2
1743705485808722,9,6,2,0,4,3,0,0,0,7,4,1
1743705485820481,5,0,0,5,0,3,0,1,3,4,2,3
1743705485832209,11,3,6,3,2,5,8,2,4,3,0,5
1743705485844985,8,3,3,0,4,3,1,5,4,1,0,4
1743705485856820,4,3,4,10,0,4,3,2,3,2,0,2
1743705485869233,23,0,4,2,2,3,0,3,4,0,6,0
1743705485881063,8,0,2,0,0,5,4,0,0,4,1,0
1743705485894377,11,7,3,3,2,4,2,4,0,2,4,16
1743705485905251,10,2,4,3,0,4,3,0,0,4,5,3
1743705485916977,8,4,4,3,3,0,4,1,0,0,2,1
1743705485928934,8,2,4,0,6,4,3,0,3,0,4,5
1743705485940933,7,0,4,0,0,4,0,4,0,3,2,9
1743705485953756,5,5,3,2,3,7,0,4,3,2,0,2
1743705485966202,9,0,3,4,0,5,2,0,4,2,4,0
1743705485979042,9,3,3,5,3,0,5,3,0,2,2,0
1743705485990771,8,0,4,2,2,3,2,0,2,4,6,4
1743705486002824,8,3,19,0,3,3,0,4,0,11,0,3
1743705486015496,10,1,4,0,3,4,0,3,3,0,1,0
1743705486027248,7,4,2,0,4,2,1,1,0,4,3,0
1743705486039441,6,4,3,3,0,6,5,0,3,10,0,4
1743705486051449,9,3,3,4,0,5,3,5,3,0,5,3
1743705486063466,8,0,4,2,2,2,4,3,1,4,3,0
1743705486076699,9,2,3,6,3,1,4,3,2,4,0,3
1743705486089588,9,0,4,2,0,4,3,0,3,3,2,3
1743705486104331,18,3,3,11,3,4,1,3,4,1,3,3
1743705486116860,8,3,2,4,0,4,3,5,1,0,1,3
1743705486128966,8,3,0,3,0,1,0,4,3,6,3,2
1743705486142368,9,0,2,3,0,2,3,3,8,2,3,4
1743705486155464,8,3,5,3,0,4,3,0,3,1,3,0
1743705486169014,8,4,3,2,3,3,9,3,3,5,3,4
1743705486181373,5,0,3,3,3,4,4,0,4,4,6,4
1743705486193146,10,4,3,0,4,3,0,4,14,1,2,3
1743705486206399,5,3,3,2,3,0,2,4,2,4,2,2
1743705486221362,6,0,3,0,3,0,5,2,0,2,0,4
1743705486232343,10,2,0,3,3,4,0,2,3,4,1,4
1743705486245025,8,1,3,0,2,2,0,3,2,2,3,5
1743705486258361,6,0,7,1,3,2,0,3,3,21,6,22
1743705486270229,7,2,3,3,3,0,3,1,0,1,1,3
1743705486282076,11,2,1,2,1,3,1,0,0,3,6,4
1743705486294924,8,4,0,4,3,3,1,2,0,1,0,4
1743705486306911,7,2,2,5,5,2,3,0,3,3,2,0
1743705486319410,13,3,2,0,0,3,4,4,4,2,5,3
1743705486331072,11,4,3,6,4,4,1,0,4,3,2,4
1743705486344286,7,0,4,4,0,4,3,3,3,0,4,2
1743705486355804,10,5,6,3,2,0,3,3,4,0,4,1
